REGN,C1_5
1,6/4/2011
1,6/5/2011
1,6/11/2011
1,6/12/2011
1,6/13/2011
1,6/18/2011
1,6/19/2011
1,6/25/2011
1,6/26/2011
18,6/5/2011
18,6/12/2011
18,6/13/2011
18,6/19/2011
18,6/26/2011
21,6/5/2011
21,6/11/2011
21,6/12/2011
21,6/13/2011
21,6/19/2011
21,6/26/2011
23,6/4/2011
23,6/5/2011
23,6/11/2011
23,6/12/2011
23,6/13/2011
23,6/18/2011
23,6/19/2011
23,6/25/2011
23,6/26/2011
65,6/12/2011
65,6/13/2011
67,6/4/2011
67,6/5/2011
67,6/11/2011
67,6/12/2011
67,6/18/2011
67,6/19/2011
67,6/25/2011
67,6/26/2011
77,6/4/2011
77,6/5/2011
77,6/11/2011
77,6/12/2011
77,6/13/2011
77,6/18/2011
77,6/19/2011
77,6/25/2011
77,6/26/2011
84,6/5/2011
84,6/12/2011
84,6/13/2011
84,6/19/2011
84,6/26/2011
85,6/4/2011
85,6/5/2011
85,6/11/2011
85,6/12/2011
85,6/13/2011
85,6/18/2011
85,6/19/2011
85,6/25/2011
85,6/26/2011
96,6/4/2011
96,6/5/2011
96,6/11/2011
96,6/12/2011
96,6/13/2011
96,6/18/2011
96,6/19/2011
96,6/25/2011
96,6/26/2011
101,6/5/2011
101,6/12/2011
101,6/13/2011
101,6/19/2011
101,6/26/2011
103,6/4/2011
103,6/5/2011
103,6/11/2011
103,6/12/2011
103,6/13/2011
103,6/18/2011
103,6/19/2011
103,6/25/2011
103,6/26/2011
106,6/5/2011
106,6/11/2011
106,6/12/2011
106,6/13/2011
106,6/19/2011
106,6/26/2011
142,6/4/2011
142,6/5/2011
142,6/11/2011
142,6/12/2011
142,6/13/2011
142,6/18/2011
142,6/19/2011
142,6/25/2011
142,6/26/2011
149,6/4/2011
149,6/5/2011
149,6/11/2011
149,6/12/2011
149,6/13/2011
149,6/18/2011
149,6/19/2011
149,6/25/2011
149,6/26/2011
155,6/4/2011
155,6/5/2011
155,6/11/2011
155,6/12/2011
155,6/13/2011
155,6/18/2011
155,6/19/2011
155,6/25/2011
155,6/26/2011
170,6/4/2011
170,6/5/2011
170,6/11/2011
170,6/12/2011
170,6/13/2011
170,6/18/2011
170,6/19/2011
170,6/25/2011
170,6/26/2011
184,6/4/2011
184,6/5/2011
184,6/11/2011
184,6/12/2011
184,6/13/2011
184,6/18/2011
184,6/19/2011
184,6/25/2011
184,6/26/2011
197,6/4/2011
197,6/5/2011
197,6/11/2011
197,6/12/2011
197,6/13/2011
197,6/18/2011
197,6/19/2011
197,6/25/2011
197,6/26/2011
208,6/4/2011
208,6/5/2011
208,6/11/2011
208,6/12/2011
208,6/13/2011
208,6/18/2011
208,6/19/2011
208,6/25/2011
208,6/26/2011
226,6/12/2011
232,6/4/2011
232,6/5/2011
232,6/11/2011
232,6/12/2011
232,6/13/2011
232,6/18/2011
232,6/19/2011
232,6/25/2011
232,6/26/2011
236,6/4/2011
236,6/5/2011
236,6/11/2011
236,6/12/2011
236,6/13/2011
236,6/18/2011
236,6/19/2011
236,6/25/2011
236,6/26/2011
249,6/5/2011
249,6/12/2011
249,6/13/2011
249,6/19/2011
249,6/26/2011
256,6/4/2011
256,6/5/2011
256,6/11/2011
256,6/12/2011
256,6/13/2011
256,6/18/2011
256,6/19/2011
256,6/25/2011
256,6/26/2011
272,6/4/2011
272,6/5/2011
272,6/11/2011
272,6/12/2011
272,6/18/2011
272,6/19/2011
272,6/25/2011
272,6/26/2011
286,6/4/2011
286,6/5/2011
286,6/11/2011
286,6/12/2011
286,6/13/2011
286,6/18/2011
286,6/19/2011
286,6/25/2011
286,6/26/2011
312,6/5/2011
312,6/12/2011
312,6/13/2011
312,6/19/2011
312,6/26/2011
324,6/4/2011
324,6/5/2011
324,6/11/2011
324,6/12/2011
324,6/13/2011
324,6/18/2011
324,6/19/2011
324,6/25/2011
324,6/26/2011
330,6/4/2011
330,6/5/2011
330,6/11/2011
330,6/12/2011
330,6/13/2011
330,6/18/2011
330,6/19/2011
330,6/25/2011
330,6/26/2011
347,6/4/2011
347,6/5/2011
347,6/11/2011
347,6/12/2011
347,6/13/2011
347,6/18/2011
347,6/19/2011
347,6/25/2011
347,6/26/2011
356,6/4/2011
356,6/5/2011
356,6/11/2011
356,6/12/2011
356,6/13/2011
356,6/18/2011
356,6/19/2011
356,6/25/2011
356,6/26/2011
370,6/4/2011
370,6/5/2011
370,6/11/2011
370,6/12/2011
370,6/13/2011
370,6/18/2011
370,6/19/2011
370,6/25/2011
370,6/26/2011
384,6/12/2011
385,6/4/2011
385,6/5/2011
385,6/11/2011
385,6/12/2011
385,6/13/2011
385,6/18/2011
385,6/19/2011
385,6/25/2011
385,6/26/2011
404,6/5/2011
404,6/12/2011
404,6/13/2011
404,6/19/2011
404,6/26/2011
410,6/5/2011
410,6/12/2011
410,6/13/2011
410,6/19/2011
410,6/26/2011
430,6/4/2011
430,6/5/2011
430,6/11/2011
430,6/12/2011
430,6/13/2011
430,6/18/2011
430,6/19/2011
430,6/25/2011
430,6/26/2011
435,6/4/2011
435,6/5/2011
435,6/11/2011
435,6/12/2011
435,6/13/2011
435,6/18/2011
435,6/19/2011
435,6/25/2011
435,6/26/2011
436,6/4/2011
436,6/5/2011
436,6/11/2011
436,6/12/2011
436,6/13/2011
436,6/18/2011
436,6/19/2011
436,6/25/2011
436,6/26/2011
438,6/4/2011
438,6/5/2011
438,6/11/2011
438,6/12/2011
438,6/13/2011
438,6/18/2011
438,6/19/2011
438,6/25/2011
438,6/26/2011
444,6/5/2011
444,6/12/2011
444,6/13/2011
444,6/19/2011
444,6/26/2011
456,6/12/2011
456,6/19/2011
456,6/26/2011
459,6/5/2011
459,6/12/2011
459,6/19/2011
459,6/26/2011
466,6/4/2011
466,6/5/2011
466,6/11/2011
466,6/12/2011
466,6/13/2011
466,6/18/2011
466,6/19/2011
466,6/25/2011
466,6/26/2011
467,6/4/2011
467,6/5/2011
467,6/11/2011
467,6/12/2011
467,6/13/2011
467,6/18/2011
467,6/19/2011
467,6/25/2011
467,6/26/2011
469,6/5/2011
469,6/19/2011
469,6/26/2011
474,6/5/2011
474,6/12/2011
474,6/13/2011
474,6/19/2011
474,6/26/2011
478,6/4/2011
478,6/5/2011
478,6/11/2011
478,6/12/2011
478,6/13/2011
478,6/18/2011
478,6/19/2011
478,6/25/2011
478,6/26/2011
480,6/5/2011
480,6/12/2011
480,6/13/2011
480,6/19/2011
480,6/26/2011
481,6/4/2011
481,6/5/2011
481,6/11/2011
481,6/12/2011
481,6/13/2011
481,6/18/2011
481,6/19/2011
481,6/25/2011
481,6/26/2011
485,6/12/2011
503,6/5/2011
503,6/12/2011
503,6/19/2011
503,6/26/2011
507,6/4/2011
507,6/5/2011
507,6/11/2011
507,6/12/2011
507,6/13/2011
507,6/18/2011
507,6/19/2011
507,6/25/2011
507,6/26/2011
514,6/4/2011
514,6/5/2011
514,6/11/2011
514,6/12/2011
514,6/13/2011
514,6/18/2011
514,6/19/2011
514,6/25/2011
514,6/26/2011
518,6/4/2011
518,6/5/2011
518,6/11/2011
518,6/12/2011
518,6/13/2011
518,6/18/2011
518,6/19/2011
518,6/25/2011
518,6/26/2011
520,6/4/2011
520,6/5/2011
520,6/11/2011
520,6/12/2011
520,6/13/2011
520,6/18/2011
520,6/19/2011
520,6/25/2011
520,6/26/2011
524,6/4/2011
524,6/5/2011
524,6/11/2011
524,6/12/2011
524,6/13/2011
524,6/18/2011
524,6/19/2011
524,6/25/2011
524,6/26/2011
531,6/4/2011
531,6/5/2011
531,6/11/2011
531,6/12/2011
531,6/13/2011
531,6/18/2011
531,6/19/2011
531,6/25/2011
531,6/26/2011
533,6/4/2011
533,6/5/2011
533,6/11/2011
533,6/12/2011
533,6/13/2011
533,6/18/2011
533,6/19/2011
533,6/25/2011
533,6/26/2011
537,6/12/2011
538,6/5/2011
538,6/12/2011
538,6/13/2011
538,6/19/2011
538,6/26/2011
539,6/5/2011
539,6/12/2011
539,6/13/2011
539,6/19/2011
539,6/26/2011
543,6/4/2011
543,6/5/2011
543,6/11/2011
543,6/12/2011
543,6/13/2011
543,6/18/2011
543,6/19/2011
543,6/25/2011
543,6/26/2011
545,6/4/2011
545,6/5/2011
545,6/11/2011
545,6/12/2011
545,6/13/2011
545,6/18/2011
545,6/19/2011
545,6/25/2011
545,6/26/2011
546,6/5/2011
546,6/12/2011
546,6/13/2011
546,6/19/2011
546,6/26/2011
548,6/4/2011
548,6/5/2011
548,6/11/2011
548,6/12/2011
548,6/13/2011
548,6/18/2011
548,6/19/2011
548,6/25/2011
548,6/26/2011
554,6/5/2011
554,6/12/2011
554,6/13/2011
554,6/19/2011
554,6/26/2011
567,6/4/2011
567,6/5/2011
567,6/11/2011
567,6/12/2011
567,6/13/2011
567,6/18/2011
567,6/19/2011
567,6/25/2011
567,6/26/2011
568,6/4/2011
568,6/5/2011
568,6/11/2011
568,6/12/2011
568,6/18/2011
568,6/19/2011
568,6/25/2011
568,6/26/2011
570,6/4/2011
570,6/5/2011
570,6/11/2011
570,6/12/2011
570,6/13/2011
570,6/18/2011
570,6/19/2011
570,6/25/2011
570,6/26/2011
574,6/6/2011
574,6/12/2011
574,6/19/2011
574,6/26/2011
575,6/5/2011
575,6/12/2011
575,6/13/2011
575,6/19/2011
575,6/26/2011
588,6/12/2011
589,6/13/2011
594,6/4/2011
594,6/5/2011
594,6/11/2011
594,6/12/2011
594,6/13/2011
594,6/18/2011
594,6/19/2011
594,6/25/2011
594,6/26/2011
598,6/4/2011
598,6/5/2011
598,6/11/2011
598,6/12/2011
598,6/13/2011
598,6/18/2011
598,6/19/2011
598,6/25/2011
598,6/26/2011
606,6/5/2011
606,6/12/2011
606,6/13/2011
606,6/19/2011
606,6/26/2011
608,6/4/2011
608,6/5/2011
608,6/11/2011
608,6/12/2011
608,6/13/2011
608,6/18/2011
608,6/19/2011
608,6/25/2011
608,6/26/2011
622,6/4/2011
622,6/5/2011
622,6/11/2011
622,6/12/2011
622,6/13/2011
622,6/18/2011
622,6/19/2011
622,6/25/2011
622,6/26/2011
625,6/5/2011
625,6/12/2011
625,6/13/2011
625,6/19/2011
625,6/26/2011
637,6/5/2011
637,6/12/2011
637,6/13/2011
637,6/19/2011
637,6/26/2011
639,6/4/2011
639,6/5/2011
639,6/11/2011
639,6/12/2011
639,6/13/2011
639,6/18/2011
639,6/19/2011
639,6/25/2011
639,6/26/2011
650,6/4/2011
650,6/5/2011
650,6/11/2011
650,6/12/2011
650,6/13/2011
650,6/18/2011
650,6/19/2011
650,6/25/2011
650,6/26/2011
653,6/12/2011
654,6/4/2011
654,6/5/2011
654,6/11/2011
654,6/12/2011
654,6/13/2011
654,6/18/2011
654,6/19/2011
654,6/25/2011
654,6/26/2011
655,6/4/2011
655,6/5/2011
655,6/11/2011
655,6/12/2011
655,6/13/2011
655,6/18/2011
655,6/19/2011
655,6/25/2011
655,6/26/2011
665,6/4/2011
665,6/5/2011
665,6/11/2011
665,6/12/2011
665,6/13/2011
665,6/18/2011
665,6/19/2011
665,6/25/2011
665,6/26/2011
671,6/4/2011
671,6/5/2011
671,6/11/2011
671,6/12/2011
671,6/13/2011
671,6/18/2011
671,6/19/2011
671,6/25/2011
671,6/26/2011
680,6/5/2011
680,6/12/2011
680,6/13/2011
680,6/19/2011
680,6/26/2011
684,6/4/2011
684,6/5/2011
684,6/11/2011
684,6/12/2011
684,6/13/2011
684,6/18/2011
684,6/19/2011
684,6/25/2011
684,6/26/2011
685,6/5/2011
685,6/12/2011
685,6/13/2011
685,6/19/2011
685,6/26/2011
695,6/4/2011
695,6/5/2011
695,6/11/2011
695,6/12/2011
695,6/18/2011
695,6/19/2011
695,6/25/2011
695,6/26/2011
696,6/4/2011
696,6/5/2011
696,6/11/2011
696,6/12/2011
696,6/13/2011
696,6/18/2011
696,6/19/2011
696,6/25/2011
696,6/26/2011
702,6/5/2011
702,6/12/2011
702,6/13/2011
702,6/19/2011
702,6/26/2011
704,6/5/2011
704,6/12/2011
704,6/13/2011
704,6/19/2011
704,6/26/2011
705,6/12/2011
708,6/4/2011
708,6/5/2011
708,6/11/2011
708,6/12/2011
708,6/13/2011
708,6/18/2011
708,6/19/2011
708,6/25/2011
708,6/26/2011
709,6/4/2011
709,6/5/2011
709,6/11/2011
709,6/12/2011
709,6/13/2011
709,6/18/2011
709,6/19/2011
709,6/25/2011
709,6/26/2011
715,6/4/2011
715,6/5/2011
715,6/11/2011
715,6/12/2011
715,6/13/2011
715,6/18/2011
715,6/19/2011
715,6/25/2011
715,6/26/2011
728,6/5/2011
728,6/12/2011
728,6/13/2011
728,6/19/2011
728,6/26/2011
732,6/4/2011
732,6/5/2011
732,6/11/2011
732,6/12/2011
732,6/13/2011
732,6/18/2011
732,6/19/2011
732,6/25/2011
732,6/26/2011
735,6/5/2011
735,6/12/2011
735,6/13/2011
735,6/19/2011
735,6/26/2011
749,6/4/2011
749,6/5/2011
749,6/11/2011
749,6/12/2011
749,6/13/2011
749,6/18/2011
749,6/19/2011
749,6/25/2011
749,6/26/2011
752,6/4/2011
752,6/5/2011
752,6/11/2011
752,6/12/2011
752,6/13/2011
752,6/18/2011
752,6/19/2011
752,6/25/2011
752,6/26/2011
766,6/5/2011
766,6/12/2011
766,6/13/2011
766,6/19/2011
766,6/26/2011
777,6/12/2011
779,6/5/2011
779,6/12/2011
779,6/13/2011
779,6/19/2011
779,6/26/2011
783,6/5/2011
783,6/12/2011
783,6/13/2011
783,6/19/2011
783,6/26/2011
784,6/5/2011
784,6/12/2011
784,6/13/2011
784,6/19/2011
784,6/26/2011
790,6/5/2011
790,6/12/2011
790,6/13/2011
790,6/19/2011
790,6/26/2011
793,6/4/2011
793,6/5/2011
793,6/11/2011
793,6/12/2011
793,6/13/2011
793,6/18/2011
793,6/19/2011
793,6/25/2011
793,6/26/2011
804,6/4/2011
804,6/5/2011
804,6/11/2011
804,6/12/2011
804,6/13/2011
804,6/18/2011
804,6/19/2011
804,6/25/2011
804,6/26/2011
812,6/4/2011
812,6/5/2011
812,6/11/2011
812,6/12/2011
812,6/13/2011
812,6/18/2011
812,6/19/2011
812,6/25/2011
812,6/26/2011
817,6/4/2011
817,6/5/2011
817,6/11/2011
817,6/12/2011
817,6/13/2011
817,6/18/2011
817,6/19/2011
817,6/25/2011
817,6/26/2011
825,6/5/2011
825,6/12/2011
825,6/19/2011
825,6/26/2011
826,6/4/2011
826,6/5/2011
826,6/11/2011
826,6/12/2011
826,6/18/2011
826,6/19/2011
826,6/25/2011
826,6/26/2011
836,6/4/2011
836,6/5/2011
836,6/11/2011
836,6/12/2011
836,6/13/2011
836,6/18/2011
836,6/19/2011
836,6/25/2011
836,6/26/2011
840,6/4/2011
840,6/5/2011
840,6/11/2011
840,6/12/2011
840,6/13/2011
840,6/18/2011
840,6/19/2011
840,6/25/2011
840,6/26/2011
841,6/4/2011
841,6/5/2011
841,6/11/2011
841,6/12/2011
841,6/13/2011
841,6/18/2011
841,6/19/2011
841,6/25/2011
841,6/26/2011
842,6/5/2011
842,6/12/2011
842,6/13/2011
842,6/19/2011
842,6/26/2011
843,6/5/2011
843,6/12/2011
843,6/13/2011
843,6/19/2011
843,6/26/2011
854,6/4/2011
854,6/5/2011
854,6/11/2011
854,6/12/2011
854,6/13/2011
854,6/19/2011
854,6/20/2011
854,6/21/2011
854,6/25/2011
854,6/26/2011
857,6/4/2011
857,6/5/2011
857,6/11/2011
857,6/12/2011
857,6/13/2011
857,6/18/2011
857,6/19/2011
857,6/25/2011
857,6/26/2011
865,6/4/2011
865,6/5/2011
865,6/11/2011
865,6/12/2011
865,6/13/2011
865,6/18/2011
865,6/19/2011
865,6/25/2011
865,6/26/2011
874,6/4/2011
874,6/5/2011
874,6/11/2011
874,6/12/2011
874,6/13/2011
874,6/18/2011
874,6/19/2011
874,6/25/2011
874,6/26/2011
875,6/4/2011
875,6/5/2011
875,6/11/2011
875,6/12/2011
875,6/13/2011
875,6/18/2011
875,6/19/2011
875,6/25/2011
875,6/26/2011
889,6/4/2011
889,6/5/2011
889,6/11/2011
889,6/12/2011
889,6/13/2011
889,6/18/2011
889,6/19/2011
889,6/25/2011
889,6/26/2011
901,6/5/2011
901,6/12/2011
901,6/13/2011
901,6/19/2011
901,6/26/2011
902,6/5/2011
902,6/12/2011
902,6/13/2011
902,6/19/2011
902,6/26/2011
914,6/4/2011
914,6/5/2011
914,6/11/2011
914,6/12/2011
914,6/13/2011
914,6/18/2011
914,6/19/2011
914,6/25/2011
914,6/26/2011
917,6/4/2011
917,6/5/2011
917,6/11/2011
917,6/12/2011
917,6/13/2011
917,6/18/2011
917,6/19/2011
917,6/25/2011
917,6/26/2011
927,6/4/2011
927,6/5/2011
927,6/11/2011
927,6/12/2011
927,6/13/2011
927,6/18/2011
927,6/19/2011
927,6/25/2011
927,6/26/2011
930,6/4/2011
930,6/5/2011
930,6/11/2011
930,6/12/2011
930,6/13/2011
930,6/18/2011
930,6/19/2011
930,6/25/2011
930,6/26/2011
931,6/4/2011
931,6/5/2011
931,6/11/2011
931,6/12/2011
931,6/13/2011
931,6/18/2011
931,6/19/2011
931,6/25/2011
931,6/26/2011
933,6/5/2011
933,6/12/2011
933,6/13/2011
933,6/19/2011
933,6/26/2011
937,6/4/2011
937,6/5/2011
937,6/11/2011
937,6/12/2011
937,6/13/2011
937,6/18/2011
937,6/19/2011
937,6/25/2011
937,6/26/2011
969,6/4/2011
969,6/5/2011
969,6/11/2011
969,6/12/2011
969,6/13/2011
969,6/18/2011
969,6/19/2011
969,6/25/2011
969,6/26/2011
970,6/5/2011
970,6/12/2011
970,6/13/2011
970,6/19/2011
970,6/26/2011
990,6/4/2011
990,6/5/2011
990,6/11/2011
990,6/12/2011
990,6/13/2011
990,6/18/2011
990,6/19/2011
990,6/25/2011
990,6/26/2011
991,6/5/2011
991,6/12/2011
991,6/19/2011
991,6/26/2011
992,6/4/2011
992,6/5/2011
992,6/11/2011
992,6/12/2011
992,6/13/2011
992,6/18/2011
992,6/19/2011
992,6/25/2011
992,6/26/2011
1000,6/4/2011
1000,6/5/2011
1000,6/11/2011
1000,6/12/2011
1000,6/13/2011
1000,6/18/2011
1000,6/19/2011
1000,6/25/2011
1000,6/26/2011
1002,6/4/2011
1002,6/5/2011
1002,6/11/2011
1002,6/12/2011
1002,6/13/2011
1002,6/18/2011
1002,6/19/2011
1002,6/25/2011
1002,6/26/2011
1003,6/4/2011
1003,6/5/2011
1003,6/11/2011
1003,6/12/2011
1003,6/13/2011
1003,6/18/2011
1003,6/19/2011
1003,6/25/2011
1003,6/26/2011
1006,6/4/2011
1006,6/5/2011
1006,6/11/2011
1006,6/12/2011
1006,6/13/2011
1006,6/18/2011
1006,6/19/2011
1006,6/25/2011
1006,6/26/2011
1016,6/4/2011
1016,6/5/2011
1016,6/11/2011
1016,6/12/2011
1016,6/13/2011
1016,6/18/2011
1016,6/19/2011
1016,6/24/2011
1016,6/25/2011
1016,6/26/2011
1019,6/5/2011
1019,6/12/2011
1019,6/13/2011
1019,6/19/2011
1019,6/26/2011
1025,6/4/2011
1025,6/5/2011
1025,6/11/2011
1025,6/12/2011
1025,6/13/2011
1025,6/18/2011
1025,6/19/2011
1025,6/25/2011
1025,6/26/2011
1027,6/12/2011
1035,6/5/2011
1035,6/12/2011
1035,6/13/2011
1035,6/19/2011
1035,6/26/2011
1037,6/4/2011
1037,6/5/2011
1037,6/11/2011
1037,6/12/2011
1037,6/13/2011
1037,6/18/2011
1037,6/19/2011
1037,6/25/2011
1037,6/26/2011
1043,6/4/2011
1043,6/5/2011
1043,6/11/2011
1043,6/12/2011
1043,6/13/2011
1043,6/18/2011
1043,6/19/2011
1043,6/25/2011
1043,6/26/2011
1046,6/4/2011
1046,6/5/2011
1046,6/11/2011
1046,6/12/2011
1046,6/13/2011
1046,6/18/2011
1046,6/19/2011
1046,6/25/2011
1046,6/26/2011
1050,6/4/2011
1050,6/5/2011
1050,6/11/2011
1050,6/12/2011
1050,6/13/2011
1050,6/18/2011
1050,6/19/2011
1050,6/25/2011
1050,6/26/2011
1052,6/4/2011
1052,6/5/2011
1052,6/11/2011
1052,6/12/2011
1052,6/13/2011
1052,6/18/2011
1052,6/19/2011
1052,6/25/2011
1052,6/26/2011
1059,6/4/2011
1059,6/5/2011
1059,6/11/2011
1059,6/12/2011
1059,6/13/2011
1059,6/18/2011
1059,6/19/2011
1059,6/25/2011
1059,6/26/2011
1060,6/5/2011
1060,6/12/2011
1060,6/13/2011
1060,6/19/2011
1060,6/26/2011
1067,6/4/2011
1067,6/5/2011
1067,6/11/2011
1067,6/12/2011
1067,6/13/2011
1067,6/18/2011
1067,6/19/2011
1067,6/25/2011
1067,6/26/2011
1068,6/4/2011
1068,6/5/2011
1068,6/11/2011
1068,6/12/2011
1068,6/13/2011
1068,6/18/2011
1068,6/19/2011
1068,6/25/2011
1068,6/26/2011
1073,6/4/2011
1073,6/5/2011
1073,6/11/2011
1073,6/12/2011
1073,6/13/2011
1073,6/18/2011
1073,6/19/2011
1073,6/25/2011
1073,6/26/2011
1084,6/4/2011
1084,6/5/2011
1084,6/11/2011
1084,6/12/2011
1084,6/13/2011
1084,6/18/2011
1084,6/19/2011
1084,6/25/2011
1084,6/26/2011
1087,6/5/2011
1087,6/12/2011
1087,6/13/2011
1087,6/19/2011
1087,6/26/2011
1088,6/4/2011
1088,6/5/2011
1088,6/11/2011
1088,6/12/2011
1088,6/13/2011
1088,6/18/2011
1088,6/19/2011
1088,6/25/2011
1088,6/26/2011
1093,6/5/2011
1093,6/12/2011
1093,6/13/2011
1093,6/19/2011
1093,6/26/2011
1114,6/4/2011
1114,6/5/2011
1114,6/11/2011
1114,6/12/2011
1114,6/13/2011
1114,6/18/2011
1114,6/19/2011
1114,6/25/2011
1114,6/26/2011
1115,6/4/2011
1115,6/5/2011
1115,6/11/2011
1115,6/12/2011
1115,6/13/2011
1115,6/18/2011
1115,6/19/2011
1115,6/25/2011
1115,6/26/2011
1118,6/4/2011
1118,6/5/2011
1118,6/11/2011
1118,6/12/2011
1118,6/13/2011
1118,6/18/2011
1118,6/19/2011
1118,6/25/2011
1118,6/26/2011
1121,6/4/2011
1121,6/5/2011
1121,6/11/2011
1121,6/12/2011
1121,6/13/2011
1121,6/18/2011
1121,6/19/2011
1121,6/25/2011
1121,6/26/2011
1134,6/4/2011
1134,6/5/2011
1134,6/11/2011
1134,6/12/2011
1134,6/18/2011
1134,6/19/2011
1134,6/25/2011
1134,6/26/2011
1136,6/4/2011
1136,6/5/2011
1136,6/11/2011
1136,6/12/2011
1136,6/13/2011
1136,6/18/2011
1136,6/19/2011
1136,6/25/2011
1136,6/26/2011
1137,6/4/2011
1137,6/5/2011
1137,6/11/2011
1137,6/12/2011
1137,6/13/2011
1137,6/18/2011
1137,6/19/2011
1137,6/25/2011
1137,6/26/2011
1139,6/4/2011
1139,6/5/2011
1139,6/11/2011
1139,6/12/2011
1139,6/13/2011
1139,6/18/2011
1139,6/19/2011
1139,6/25/2011
1139,6/26/2011
1143,6/4/2011
1143,6/5/2011
1143,6/11/2011
1143,6/12/2011
1143,6/13/2011
1143,6/18/2011
1143,6/19/2011
1143,6/25/2011
1143,6/26/2011
1144,6/5/2011
1144,6/12/2011
1144,6/13/2011
1144,6/19/2011
1144,6/26/2011
1151,6/5/2011
1151,6/12/2011
1151,6/13/2011
1151,6/19/2011
1151,6/26/2011
1158,6/12/2011
1165,6/4/2011
1165,6/5/2011
1165,6/11/2011
1165,6/12/2011
1165,6/13/2011
1165,6/18/2011
1165,6/19/2011
1165,6/25/2011
1165,6/26/2011
1166,6/4/2011
1166,6/5/2011
1166,6/11/2011
1166,6/12/2011
1166,6/13/2011
1166,6/18/2011
1166,6/19/2011
1166,6/25/2011
1166,6/26/2011
1184,6/5/2011
1184,6/12/2011
1184,6/13/2011
1184,6/19/2011
1184,6/26/2011
1189,6/5/2011
1189,6/12/2011
1189,6/13/2011
1189,6/19/2011
1189,6/26/2011
1197,6/4/2011
1197,6/5/2011
1197,6/11/2011
1197,6/12/2011
1197,6/13/2011
1197,6/18/2011
1197,6/19/2011
1197,6/25/2011
1197,6/26/2011
1202,6/4/2011
1202,6/5/2011
1202,6/11/2011
1202,6/12/2011
1202,6/13/2011
1202,6/18/2011
1202,6/19/2011
1202,6/25/2011
1202,6/26/2011
1222,6/5/2011
1222,6/12/2011
1222,6/13/2011
1222,6/19/2011
1222,6/26/2011
1239,6/4/2011
1239,6/5/2011
1239,6/11/2011
1239,6/12/2011
1239,6/13/2011
1239,6/18/2011
1239,6/19/2011
1239,6/25/2011
1239,6/26/2011
1242,6/5/2011
1242,6/12/2011
1242,6/13/2011
1242,6/19/2011
1242,6/26/2011
1244,6/4/2011
1244,6/5/2011
1244,6/11/2011
1244,6/12/2011
1244,6/13/2011
1244,6/18/2011
1244,6/19/2011
1244,6/25/2011
1244,6/26/2011
1250,6/4/2011
1250,6/5/2011
1250,6/11/2011
1250,6/12/2011
1250,6/13/2011
1250,6/18/2011
1250,6/19/2011
1250,6/25/2011
1250,6/26/2011
1277,6/4/2011
1277,6/5/2011
1277,6/11/2011
1277,6/12/2011
1277,6/13/2011
1277,6/18/2011
1277,6/19/2011
1277,6/25/2011
1277,6/26/2011
1280,6/5/2011
1280,6/12/2011
1280,6/13/2011
1280,6/19/2011
1280,6/24/2011
1280,6/26/2011
1281,6/4/2011
1281,6/5/2011
1281,6/11/2011
1281,6/12/2011
1281,6/13/2011
1281,6/18/2011
1281,6/19/2011
1281,6/25/2011
1281,6/26/2011
1282,6/12/2011
1284,6/12/2011
1291,6/4/2011
1291,6/5/2011
1291,6/11/2011
1291,6/12/2011
1291,6/13/2011
1291,6/18/2011
1291,6/19/2011
1291,6/25/2011
1291,6/26/2011
1293,6/12/2011
1300,6/4/2011
1300,6/5/2011
1300,6/11/2011
1300,6/12/2011
1300,6/13/2011
1300,6/18/2011
1300,6/19/2011
1300,6/25/2011
1300,6/26/2011
1309,6/4/2011
1309,6/5/2011
1309,6/11/2011
1309,6/12/2011
1309,6/13/2011
1309,6/18/2011
1309,6/19/2011
1309,6/25/2011
1309,6/26/2011
1312,6/5/2011
1312,6/12/2011
1312,6/13/2011
1312,6/19/2011
1312,6/26/2011
1319,6/4/2011
1319,6/5/2011
1319,6/11/2011
1319,6/12/2011
1319,6/13/2011
1319,6/18/2011
1319,6/19/2011
1319,6/25/2011
1319,6/26/2011
1329,6/5/2011
1329,6/12/2011
1329,6/13/2011
1329,6/19/2011
1329,6/26/2011
1352,6/5/2011
1352,6/12/2011
1352,6/13/2011
1352,6/19/2011
1352,6/26/2011
1354,6/5/2011
1354,6/12/2011
1354,6/19/2011
1354,6/26/2011
1370,6/5/2011
1370,6/12/2011
1370,6/13/2011
1370,6/19/2011
1370,6/26/2011
1376,6/5/2011
1376,6/12/2011
1376,6/13/2011
1376,6/19/2011
1376,6/26/2011
1378,6/4/2011
1378,6/5/2011
1378,6/11/2011
1378,6/12/2011
1378,6/13/2011
1378,6/18/2011
1378,6/19/2011
1378,6/25/2011
1378,6/26/2011
1398,6/5/2011
1398,6/12/2011
1398,6/13/2011
1398,6/19/2011
1398,6/26/2011
1407,6/4/2011
1407,6/5/2011
1407,6/11/2011
1407,6/12/2011
1407,6/13/2011
1407,6/18/2011
1407,6/19/2011
1407,6/25/2011
1407,6/26/2011
1414,6/4/2011
1414,6/5/2011
1414,6/11/2011
1414,6/12/2011
1414,6/13/2011
1414,6/18/2011
1414,6/19/2011
1414,6/25/2011
1414,6/26/2011
1415,6/4/2011
1415,6/5/2011
1415,6/11/2011
1415,6/12/2011
1415,6/13/2011
1415,6/18/2011
1415,6/19/2011
1415,6/25/2011
1415,6/26/2011
1439,6/4/2011
1439,6/5/2011
1439,6/11/2011
1439,6/12/2011
1439,6/13/2011
1439,6/18/2011
1439,6/19/2011
1439,6/25/2011
1439,6/26/2011
1441,6/4/2011
1441,6/5/2011
1441,6/11/2011
1441,6/12/2011
1441,6/13/2011
1441,6/18/2011
1441,6/19/2011
1441,6/25/2011
1441,6/26/2011
1459,6/5/2011
1459,6/12/2011
1459,6/13/2011
1459,6/19/2011
1459,6/26/2011
1478,6/4/2011
1478,6/5/2011
1478,6/11/2011
1478,6/12/2011
1478,6/13/2011
1478,6/18/2011
1478,6/19/2011
1478,6/25/2011
1478,6/26/2011
1555,6/4/2011
1555,6/5/2011
1555,6/11/2011
1555,6/12/2011
1555,6/13/2011
1555,6/18/2011
1555,6/19/2011
1555,6/25/2011
1555,6/26/2011
1574,6/12/2011
1586,6/4/2011
1586,6/5/2011
1586,6/11/2011
1586,6/12/2011
1586,6/13/2011
1586,6/18/2011
1586,6/19/2011
1586,6/25/2011
1586,6/26/2011
1598,6/4/2011
1598,6/5/2011
1598,6/11/2011
1598,6/12/2011
1598,6/13/2011
1598,6/18/2011
1598,6/19/2011
1598,6/25/2011
1598,6/26/2011
1614,6/4/2011
1614,6/5/2011
1614,6/11/2011
1614,6/12/2011
1614,6/13/2011
1614,6/18/2011
1614,6/19/2011
1614,6/25/2011
1614,6/26/2011
1617,6/13/2011
1618,6/4/2011
1618,6/5/2011
1618,6/11/2011
1618,6/12/2011
1618,6/13/2011
1618,6/18/2011
1618,6/19/2011
1618,6/25/2011
1618,6/26/2011
1626,6/4/2011
1626,6/5/2011
1626,6/11/2011
1626,6/12/2011
1626,6/13/2011
1626,6/18/2011
1626,6/19/2011
1626,6/25/2011
1626,6/26/2011
1627,6/4/2011
1627,6/5/2011
1627,6/11/2011
1627,6/12/2011
1627,6/13/2011
1627,6/18/2011
1627,6/19/2011
1627,6/25/2011
1627,6/26/2011
1635,6/5/2011
1635,6/12/2011
1635,6/13/2011
1635,6/19/2011
1635,6/26/2011
1639,6/4/2011
1639,6/5/2011
1639,6/11/2011
1639,6/12/2011
1639,6/13/2011
1639,6/18/2011
1639,6/19/2011
1639,6/25/2011
1639,6/26/2011
1640,6/4/2011
1640,6/5/2011
1640,6/11/2011
1640,6/12/2011
1640,6/13/2011
1640,6/18/2011
1640,6/19/2011
1640,6/25/2011
1640,6/26/2011
1657,6/4/2011
1657,6/5/2011
1657,6/11/2011
1657,6/12/2011
1657,6/13/2011
1657,6/18/2011
1657,6/19/2011
1657,6/25/2011
1657,6/26/2011
1659,6/5/2011
1659,6/12/2011
1659,6/13/2011
1659,6/19/2011
1659,6/26/2011
1661,6/4/2011
1661,6/5/2011
1661,6/11/2011
1661,6/12/2011
1661,6/13/2011
1661,6/18/2011
1661,6/19/2011
1661,6/25/2011
1661,6/26/2011
1663,6/5/2011
1663,6/12/2011
1663,6/13/2011
1663,6/19/2011
1663,6/26/2011
1673,6/4/2011
1673,6/5/2011
1673,6/11/2011
1673,6/12/2011
1673,6/13/2011
1673,6/18/2011
1673,6/19/2011
1673,6/25/2011
1673,6/26/2011
1679,6/4/2011
1679,6/5/2011
1679,6/11/2011
1679,6/12/2011
1679,6/13/2011
1679,6/18/2011
1679,6/19/2011
1679,6/25/2011
1679,6/26/2011
1680,6/4/2011
1680,6/5/2011
1680,6/11/2011
1680,6/12/2011
1680,6/13/2011
1680,6/18/2011
1680,6/19/2011
1680,6/25/2011
1680,6/26/2011
1684,6/4/2011
1684,6/5/2011
1684,6/11/2011
1684,6/12/2011
1684,6/13/2011
1684,6/18/2011
1684,6/19/2011
1684,6/25/2011
1684,6/26/2011
1701,6/5/2011
1701,6/12/2011
1701,6/13/2011
1701,6/19/2011
1701,6/26/2011
1704,6/4/2011
1704,6/5/2011
1704,6/11/2011
1704,6/12/2011
1704,6/13/2011
1704,6/18/2011
1704,6/19/2011
1704,6/25/2011
1704,6/26/2011
1717,6/4/2011
1717,6/5/2011
1717,6/11/2011
1717,6/12/2011
1717,6/13/2011
1717,6/18/2011
1717,6/19/2011
1717,6/25/2011
1717,6/26/2011
1720,6/4/2011
1720,6/5/2011
1720,6/11/2011
1720,6/12/2011
1720,6/13/2011
1720,6/18/2011
1720,6/19/2011
1720,6/25/2011
1720,6/26/2011
1724,6/4/2011
1724,6/5/2011
1724,6/11/2011
1724,6/12/2011
1724,6/13/2011
1724,6/18/2011
1724,6/19/2011
1724,6/25/2011
1724,6/26/2011
1734,6/4/2011
1734,6/5/2011
1734,6/11/2011
1734,6/12/2011
1734,6/13/2011
1734,6/18/2011
1734,6/19/2011
1734,6/25/2011
1734,6/26/2011
1736,6/5/2011
1736,6/12/2011
1736,6/13/2011
1736,6/19/2011
1736,6/26/2011
1738,6/5/2011
1738,6/12/2011
1738,6/13/2011
1738,6/19/2011
1738,6/26/2011
1745,6/12/2011
1747,6/4/2011
1747,6/5/2011
1747,6/11/2011
1747,6/12/2011
1747,6/13/2011
1747,6/18/2011
1747,6/19/2011
1747,6/25/2011
1747,6/26/2011
1751,6/13/2011
1752,6/5/2011
1752,6/12/2011
1752,6/13/2011
1752,6/19/2011
1752,6/26/2011
1763,6/12/2011
1776,6/5/2011
1776,6/12/2011
1776,6/13/2011
1776,6/19/2011
1776,6/26/2011
1777,6/5/2011
1777,6/12/2011
1777,6/19/2011
1777,6/26/2011
1788,6/4/2011
1788,6/5/2011
1788,6/11/2011
1788,6/12/2011
1788,6/13/2011
1788,6/18/2011
1788,6/19/2011
1788,6/25/2011
1788,6/26/2011
1792,6/4/2011
1792,6/5/2011
1792,6/11/2011
1792,6/12/2011
1792,6/13/2011
1792,6/18/2011
1792,6/19/2011
1792,6/25/2011
1792,6/26/2011
1794,6/4/2011
1794,6/5/2011
1794,6/11/2011
1794,6/12/2011
1794,6/13/2011
1794,6/18/2011
1794,6/19/2011
1794,6/25/2011
1794,6/26/2011
1809,6/5/2011
1809,6/12/2011
1809,6/13/2011
1809,6/19/2011
1809,6/26/2011
1810,6/12/2011
1812,6/4/2011
1812,6/5/2011
1812,6/11/2011
1812,6/12/2011
1812,6/13/2011
1812,6/18/2011
1812,6/19/2011
1812,6/25/2011
1812,6/26/2011
1816,6/5/2011
1816,6/12/2011
1816,6/13/2011
1816,6/19/2011
1816,6/26/2011
1818,6/5/2011
1818,6/12/2011
1818,6/13/2011
1818,6/19/2011
1818,6/26/2011
1829,6/4/2011
1829,6/5/2011
1829,6/11/2011
1829,6/12/2011
1829,6/13/2011
1829,6/18/2011
1829,6/19/2011
1829,6/25/2011
1829,6/26/2011
1835,6/4/2011
1835,6/5/2011
1835,6/11/2011
1835,6/12/2011
1835,6/13/2011
1835,6/18/2011
1835,6/19/2011
1835,6/25/2011
1835,6/26/2011
1851,6/4/2011
1851,6/5/2011
1851,6/11/2011
1851,6/12/2011
1851,6/13/2011
1851,6/18/2011
1851,6/19/2011
1851,6/25/2011
1851,6/26/2011
1860,6/4/2011
1860,6/5/2011
1860,6/11/2011
1860,6/12/2011
1860,6/18/2011
1860,6/19/2011
1860,6/25/2011
1860,6/26/2011
1868,6/4/2011
1868,6/5/2011
1868,6/11/2011
1868,6/12/2011
1868,6/13/2011
1868,6/18/2011
1868,6/19/2011
1868,6/25/2011
1868,6/26/2011
1869,6/4/2011
1869,6/5/2011
1869,6/11/2011
1869,6/12/2011
1869,6/13/2011
1869,6/18/2011
1869,6/19/2011
1869,6/25/2011
1869,6/26/2011
1896,6/5/2011
1896,6/12/2011
1896,6/13/2011
1896,6/19/2011
1896,6/26/2011
1902,6/5/2011
1902,6/12/2011
1902,6/13/2011
1902,6/19/2011
1902,6/26/2011
1909,6/4/2011
1909,6/5/2011
1909,6/11/2011
1909,6/12/2011
1909,6/13/2011
1909,6/18/2011
1909,6/19/2011
1909,6/25/2011
1909,6/26/2011
1910,6/4/2011
1910,6/5/2011
1910,6/11/2011
1910,6/12/2011
1910,6/13/2011
1910,6/18/2011
1910,6/19/2011
1910,6/25/2011
1910,6/26/2011
1917,6/12/2011
1917,6/18/2011
1926,6/4/2011
1926,6/5/2011
1926,6/11/2011
1926,6/12/2011
1926,6/13/2011
1926,6/18/2011
1926,6/19/2011
1926,6/25/2011
1926,6/26/2011
1927,6/13/2011
1928,6/4/2011
1928,6/5/2011
1928,6/11/2011
1928,6/12/2011
1928,6/13/2011
1928,6/18/2011
1928,6/19/2011
1928,6/25/2011
1928,6/26/2011
1946,6/4/2011
1946,6/5/2011
1946,6/11/2011
1946,6/12/2011
1946,6/13/2011
1946,6/18/2011
1946,6/19/2011
1946,6/25/2011
1946,6/26/2011
1948,6/5/2011
1948,6/12/2011
1948,6/13/2011
1948,6/19/2011
1948,6/26/2011
1949,6/4/2011
1949,6/5/2011
1949,6/11/2011
1949,6/12/2011
1949,6/13/2011
1949,6/18/2011
1949,6/19/2011
1949,6/25/2011
1949,6/26/2011
1950,6/5/2011
1950,6/11/2011
1950,6/12/2011
1950,6/13/2011
1950,6/19/2011
1950,6/26/2011
1951,6/4/2011
1951,6/5/2011
1951,6/11/2011
1951,6/12/2011
1951,6/13/2011
1951,6/18/2011
1951,6/19/2011
1951,6/25/2011
1951,6/26/2011
1955,6/12/2011
1956,6/4/2011
1956,6/5/2011
1956,6/11/2011
1956,6/12/2011
1956,6/13/2011
1956,6/18/2011
1956,6/19/2011
1956,6/25/2011
1956,6/26/2011
1966,6/4/2011
1966,6/5/2011
1966,6/11/2011
1966,6/12/2011
1966,6/13/2011
1966,6/18/2011
1966,6/19/2011
1966,6/25/2011
1966,6/26/2011
1967,6/4/2011
1967,6/5/2011
1967,6/11/2011
1967,6/12/2011
1967,6/13/2011
1967,6/18/2011
1967,6/19/2011
1967,6/25/2011
1967,6/26/2011
1972,6/4/2011
1972,6/5/2011
1972,6/11/2011
1972,6/12/2011
1972,6/13/2011
1972,6/18/2011
1972,6/19/2011
1972,6/25/2011
1972,6/26/2011
1973,6/4/2011
1973,6/5/2011
1973,6/11/2011
1973,6/12/2011
1973,6/13/2011
1973,6/18/2011
1973,6/19/2011
1973,6/25/2011
1973,6/26/2011
1987,6/4/2011
1987,6/5/2011
1987,6/11/2011
1987,6/12/2011
1987,6/13/2011
1987,6/18/2011
1987,6/19/2011
1987,6/25/2011
1987,6/26/2011
1991,6/5/2011
1991,6/12/2011
1991,6/13/2011
1991,6/19/2011
1991,6/26/2011
2011,6/4/2011
2011,6/5/2011
2011,6/11/2011
2011,6/12/2011
2011,6/13/2011
2011,6/18/2011
2011,6/19/2011
2011,6/25/2011
2011,6/26/2011
2015,6/4/2011
2015,6/5/2011
2015,6/11/2011
2015,6/12/2011
2015,6/13/2011
2015,6/18/2011
2015,6/19/2011
2015,6/25/2011
2015,6/26/2011
2023,6/4/2011
2023,6/5/2011
2023,6/11/2011
2023,6/12/2011
2023,6/13/2011
2023,6/18/2011
2023,6/19/2011
2023,6/25/2011
2023,6/26/2011
2027,6/4/2011
2027,6/5/2011
2027,6/11/2011
2027,6/12/2011
2027,6/13/2011
2027,6/18/2011
2027,6/19/2011
2027,6/25/2011
2027,6/26/2011
2029,6/4/2011
2029,6/5/2011
2029,6/11/2011
2029,6/12/2011
2029,6/13/2011
2029,6/18/2011
2029,6/19/2011
2029,6/25/2011
2029,6/26/2011
2035,6/4/2011
2035,6/5/2011
2035,6/11/2011
2035,6/12/2011
2035,6/13/2011
2035,6/18/2011
2035,6/19/2011
2035,6/25/2011
2035,6/26/2011
2037,6/4/2011
2037,6/5/2011
2037,6/11/2011
2037,6/12/2011
2037,6/13/2011
2037,6/18/2011
2037,6/19/2011
2037,6/25/2011
2037,6/26/2011
2050,6/4/2011
2050,6/5/2011
2050,6/11/2011
2050,6/12/2011
2050,6/13/2011
2050,6/18/2011
2050,6/19/2011
2050,6/25/2011
2050,6/26/2011
2055,6/4/2011
2055,6/5/2011
2055,6/11/2011
2055,6/12/2011
2055,6/13/2011
2055,6/18/2011
2055,6/19/2011
2055,6/25/2011
2055,6/26/2011
2063,6/4/2011
2063,6/5/2011
2063,6/11/2011
2063,6/12/2011
2063,6/18/2011
2063,6/19/2011
2063,6/25/2011
2063,6/26/2011
2065,6/5/2011
2065,6/12/2011
2065,6/13/2011
2065,6/19/2011
2065,6/26/2011
2071,6/4/2011
2071,6/5/2011
2071,6/11/2011
2071,6/12/2011
2071,6/13/2011
2071,6/18/2011
2071,6/19/2011
2071,6/25/2011
2071,6/26/2011
2074,6/4/2011
2074,6/5/2011
2074,6/11/2011
2074,6/12/2011
2074,6/13/2011
2074,6/18/2011
2074,6/19/2011
2074,6/25/2011
2074,6/26/2011
2085,6/4/2011
2085,6/5/2011
2085,6/11/2011
2085,6/12/2011
2085,6/13/2011
2085,6/18/2011
2085,6/19/2011
2085,6/25/2011
2085,6/26/2011
2090,6/4/2011
2090,6/5/2011
2090,6/11/2011
2090,6/12/2011
2090,6/13/2011
2090,6/18/2011
2090,6/19/2011
2090,6/25/2011
2090,6/26/2011
2093,6/5/2011
2093,6/12/2011
2093,6/13/2011
2093,6/19/2011
2093,6/26/2011
2098,6/4/2011
2098,6/5/2011
2098,6/11/2011
2098,6/12/2011
2098,6/13/2011
2098,6/18/2011
2098,6/19/2011
2098,6/25/2011
2098,6/26/2011
2103,6/5/2011
2103,6/12/2011
2103,6/13/2011
2103,6/19/2011
2103,6/26/2011
2110,6/4/2011
2110,6/5/2011
2110,6/11/2011
2110,6/12/2011
2110,6/13/2011
2110,6/18/2011
2110,6/19/2011
2110,6/25/2011
2110,6/26/2011
2119,6/4/2011
2119,6/5/2011
2119,6/11/2011
2119,6/12/2011
2119,6/13/2011
2119,6/18/2011
2119,6/19/2011
2119,6/25/2011
2119,6/26/2011
2123,6/5/2011
2123,6/12/2011
2123,6/13/2011
2123,6/19/2011
2123,6/26/2011
2136,6/5/2011
2136,6/11/2011
2136,6/12/2011
2136,6/13/2011
2136,6/19/2011
2136,6/26/2011
2142,6/5/2011
2142,6/12/2011
2142,6/13/2011
2142,6/19/2011
2142,6/26/2011
2145,6/4/2011
2145,6/5/2011
2145,6/11/2011
2145,6/12/2011
2145,6/13/2011
2145,6/18/2011
2145,6/19/2011
2145,6/25/2011
2145,6/26/2011
2148,6/4/2011
2148,6/5/2011
2148,6/11/2011
2148,6/12/2011
2148,6/13/2011
2148,6/18/2011
2148,6/19/2011
2148,6/25/2011
2148,6/26/2011
2152,6/4/2011
2152,6/5/2011
2152,6/11/2011
2152,6/12/2011
2152,6/13/2011
2152,6/18/2011
2152,6/19/2011
2152,6/25/2011
2152,6/26/2011
2156,6/4/2011
2156,6/5/2011
2156,6/11/2011
2156,6/12/2011
2156,6/13/2011
2156,6/18/2011
2156,6/19/2011
2156,6/25/2011
2156,6/26/2011
2157,6/4/2011
2157,6/5/2011
2157,6/11/2011
2157,6/12/2011
2157,6/13/2011
2157,6/18/2011
2157,6/19/2011
2157,6/25/2011
2157,6/26/2011
2166,6/4/2011
2166,6/5/2011
2166,6/11/2011
2166,6/12/2011
2166,6/13/2011
2166,6/18/2011
2166,6/19/2011
2166,6/25/2011
2166,6/26/2011
2167,6/4/2011
2167,6/5/2011
2167,6/11/2011
2167,6/12/2011
2167,6/13/2011
2167,6/18/2011
2167,6/19/2011
2167,6/25/2011
2167,6/26/2011
2168,6/5/2011
2168,6/12/2011
2168,6/13/2011
2168,6/19/2011
2168,6/26/2011
2170,6/4/2011
2170,6/5/2011
2170,6/11/2011
2170,6/12/2011
2170,6/13/2011
2170,6/18/2011
2170,6/19/2011
2170,6/25/2011
2170,6/26/2011
2174,6/4/2011
2174,6/5/2011
2174,6/11/2011
2174,6/12/2011
2174,6/13/2011
2174,6/18/2011
2174,6/19/2011
2174,6/25/2011
2174,6/26/2011
2192,6/4/2011
2192,6/5/2011
2192,6/11/2011
2192,6/12/2011
2192,6/13/2011
2192,6/18/2011
2192,6/19/2011
2192,6/25/2011
2192,6/26/2011
2207,6/4/2011
2207,6/5/2011
2207,6/11/2011
2207,6/12/2011
2207,6/13/2011
2207,6/18/2011
2207,6/19/2011
2207,6/25/2011
2207,6/26/2011
2208,6/5/2011
2208,6/12/2011
2208,6/13/2011
2208,6/19/2011
2208,6/26/2011
2211,6/5/2011
2211,6/12/2011
2211,6/13/2011
2211,6/19/2011
2211,6/26/2011
2216,6/5/2011
2216,6/12/2011
2216,6/19/2011
2216,6/26/2011
2232,6/4/2011
2232,6/5/2011
2232,6/11/2011
2232,6/12/2011
2232,6/13/2011
2232,6/18/2011
2232,6/19/2011
2232,6/25/2011
2232,6/26/2011
2244,6/5/2011
2244,6/12/2011
2244,6/13/2011
2244,6/19/2011
2244,6/26/2011
2245,6/4/2011
2245,6/5/2011
2245,6/11/2011
2245,6/12/2011
2245,6/13/2011
2245,6/18/2011
2245,6/19/2011
2245,6/25/2011
2245,6/26/2011
2249,6/4/2011
2249,6/5/2011
2249,6/11/2011
2249,6/12/2011
2249,6/13/2011
2249,6/18/2011
2249,6/19/2011
2249,6/25/2011
2249,6/26/2011
2252,6/4/2011
2252,6/5/2011
2252,6/11/2011
2252,6/12/2011
2252,6/13/2011
2252,6/18/2011
2252,6/19/2011
2252,6/25/2011
2252,6/26/2011
2253,6/4/2011
2253,6/5/2011
2253,6/11/2011
2253,6/12/2011
2253,6/13/2011
2253,6/18/2011
2253,6/19/2011
2253,6/25/2011
2253,6/26/2011
2254,6/4/2011
2254,6/5/2011
2254,6/11/2011
2254,6/12/2011
2254,6/13/2011
2254,6/18/2011
2254,6/19/2011
2254,6/25/2011
2254,6/26/2011
2258,6/4/2011
2258,6/5/2011
2258,6/11/2011
2258,6/12/2011
2258,6/13/2011
2258,6/18/2011
2258,6/19/2011
2258,6/25/2011
2258,6/26/2011
2264,6/4/2011
2264,6/5/2011
2264,6/11/2011
2264,6/12/2011
2264,6/13/2011
2264,6/18/2011
2264,6/19/2011
2264,6/25/2011
2264,6/26/2011
2269,6/4/2011
2269,6/5/2011
2269,6/11/2011
2269,6/12/2011
2269,6/13/2011
2269,6/18/2011
2269,6/19/2011
2269,6/25/2011
2269,6/26/2011
2271,6/5/2011
2271,6/12/2011
2271,6/13/2011
2271,6/19/2011
2271,6/26/2011
2272,6/4/2011
2272,6/5/2011
2272,6/11/2011
2272,6/12/2011
2272,6/13/2011
2272,6/18/2011
2272,6/19/2011
2272,6/25/2011
2272,6/26/2011
2274,6/5/2011
2274,6/12/2011
2274,6/13/2011
2274,6/19/2011
2274,6/26/2011
2275,6/4/2011
2275,6/5/2011
2275,6/11/2011
2275,6/12/2011
2275,6/13/2011
2275,6/18/2011
2275,6/19/2011
2275,6/25/2011
2275,6/26/2011
2285,6/5/2011
2285,6/12/2011
2285,6/13/2011
2285,6/19/2011
2285,6/26/2011
2299,6/4/2011
2299,6/5/2011
2299,6/11/2011
2299,6/12/2011
2299,6/13/2011
2299,6/18/2011
2299,6/19/2011
2299,6/25/2011
2299,6/26/2011
2302,6/4/2011
2302,6/5/2011
2302,6/11/2011
2302,6/12/2011
2302,6/13/2011
2302,6/18/2011
2302,6/19/2011
2302,6/25/2011
2302,6/26/2011
2307,6/4/2011
2307,6/5/2011
2307,6/11/2011
2307,6/12/2011
2307,6/13/2011
2307,6/18/2011
2307,6/19/2011
2307,6/25/2011
2307,6/26/2011
2309,6/4/2011
2309,6/5/2011
2309,6/11/2011
2309,6/12/2011
2309,6/13/2011
2309,6/18/2011
2309,6/19/2011
2309,6/25/2011
2309,6/26/2011
2313,6/4/2011
2313,6/5/2011
2313,6/11/2011
2313,6/12/2011
2313,6/13/2011
2313,6/18/2011
2313,6/19/2011
2313,6/25/2011
2313,6/26/2011
2324,6/12/2011
2328,6/5/2011
2328,6/12/2011
2328,6/13/2011
2328,6/19/2011
2328,6/26/2011
2330,6/4/2011
2330,6/5/2011
2330,6/11/2011
2330,6/12/2011
2330,6/13/2011
2330,6/18/2011
2330,6/19/2011
2330,6/25/2011
2330,6/26/2011
2337,6/4/2011
2337,6/5/2011
2337,6/11/2011
2337,6/12/2011
2337,6/13/2011
2337,6/18/2011
2337,6/19/2011
2337,6/25/2011
2337,6/26/2011
2347,6/4/2011
2347,6/5/2011
2347,6/11/2011
2347,6/12/2011
2347,6/13/2011
2347,6/18/2011
2347,6/19/2011
2347,6/25/2011
2347,6/26/2011
2360,6/5/2011
2360,6/12/2011
2360,6/13/2011
2360,6/19/2011
2360,6/26/2011
2364,6/5/2011
2364,6/12/2011
2364,6/13/2011
2364,6/19/2011
2364,6/26/2011
2368,6/4/2011
2368,6/5/2011
2368,6/11/2011
2368,6/12/2011
2368,6/13/2011
2368,6/18/2011
2368,6/19/2011
2368,6/25/2011
2368,6/26/2011
2374,6/4/2011
2374,6/5/2011
2374,6/11/2011
2374,6/12/2011
2374,6/13/2011
2374,6/18/2011
2374,6/19/2011
2374,6/25/2011
2374,6/26/2011
2382,6/5/2011
2382,6/12/2011
2382,6/13/2011
2382,6/19/2011
2382,6/26/2011
2388,6/5/2011
2388,6/12/2011
2388,6/13/2011
2388,6/19/2011
2388,6/26/2011
2390,6/4/2011
2390,6/5/2011
2390,6/11/2011
2390,6/12/2011
2390,6/13/2011
2390,6/18/2011
2390,6/19/2011
2390,6/25/2011
2390,6/26/2011
2398,6/12/2011
2401,6/5/2011
2401,6/12/2011
2401,6/13/2011
2401,6/19/2011
2401,6/26/2011
2402,6/4/2011
2402,6/5/2011
2402,6/11/2011
2402,6/12/2011
2402,6/13/2011
2402,6/18/2011
2402,6/19/2011
2402,6/25/2011
2402,6/26/2011
2403,6/4/2011
2403,6/5/2011
2403,6/11/2011
2403,6/12/2011
2403,6/13/2011
2403,6/18/2011
2403,6/19/2011
2403,6/25/2011
2403,6/26/2011
2404,6/4/2011
2404,6/5/2011
2404,6/11/2011
2404,6/12/2011
2404,6/13/2011
2404,6/18/2011
2404,6/19/2011
2404,6/25/2011
2404,6/26/2011
2407,6/4/2011
2407,6/5/2011
2407,6/11/2011
2407,6/12/2011
2407,6/13/2011
2407,6/18/2011
2407,6/19/2011
2407,6/25/2011
2407,6/26/2011
2410,6/4/2011
2410,6/5/2011
2410,6/11/2011
2410,6/12/2011
2410,6/13/2011
2410,6/18/2011
2410,6/19/2011
2410,6/25/2011
2410,6/26/2011
2412,6/4/2011
2412,6/5/2011
2412,6/11/2011
2412,6/12/2011
2412,6/13/2011
2412,6/18/2011
2412,6/19/2011
2412,6/25/2011
2412,6/26/2011
2425,6/4/2011
2425,6/5/2011
2425,6/11/2011
2425,6/12/2011
2425,6/13/2011
2425,6/18/2011
2425,6/19/2011
2425,6/25/2011
2425,6/26/2011
2428,6/4/2011
2428,6/5/2011
2428,6/11/2011
2428,6/12/2011
2428,6/13/2011
2428,6/18/2011
2428,6/19/2011
2428,6/25/2011
2428,6/26/2011
2433,6/4/2011
2433,6/5/2011
2433,6/11/2011
2433,6/12/2011
2433,6/13/2011
2433,6/18/2011
2433,6/19/2011
2433,6/25/2011
2433,6/26/2011
2435,6/4/2011
2435,6/5/2011
2435,6/11/2011
2435,6/12/2011
2435,6/13/2011
2435,6/18/2011
2435,6/19/2011
2435,6/25/2011
2435,6/26/2011
2436,6/4/2011
2436,6/5/2011
2436,6/11/2011
2436,6/12/2011
2436,6/13/2011
2436,6/18/2011
2436,6/19/2011
2436,6/25/2011
2436,6/26/2011
2440,6/12/2011
2443,6/5/2011
2443,6/13/2011
2443,6/19/2011
2443,6/26/2011
2462,6/4/2011
2462,6/5/2011
2462,6/11/2011
2462,6/12/2011
2462,6/13/2011
2462,6/18/2011
2462,6/19/2011
2462,6/25/2011
2462,6/26/2011
2468,6/5/2011
2468,6/12/2011
2468,6/13/2011
2468,6/19/2011
2468,6/26/2011
2480,6/4/2011
2480,6/5/2011
2480,6/11/2011
2480,6/12/2011
2480,6/13/2011
2480,6/18/2011
2480,6/19/2011
2480,6/25/2011
2480,6/26/2011
2484,6/4/2011
2484,6/5/2011
2484,6/11/2011
2484,6/12/2011
2484,6/13/2011
2484,6/18/2011
2484,6/19/2011
2484,6/25/2011
2484,6/26/2011
2490,6/5/2011
2490,6/12/2011
2490,6/19/2011
2490,6/26/2011
2491,6/4/2011
2491,6/5/2011
2491,6/11/2011
2491,6/12/2011
2491,6/13/2011
2491,6/18/2011
2491,6/19/2011
2491,6/25/2011
2491,6/26/2011
2494,6/4/2011
2494,6/5/2011
2494,6/11/2011
2494,6/12/2011
2494,6/13/2011
2494,6/18/2011
2494,6/19/2011
2494,6/25/2011
2494,6/26/2011
2495,6/4/2011
2495,6/5/2011
2495,6/11/2011
2495,6/12/2011
2495,6/13/2011
2495,6/18/2011
2495,6/19/2011
2495,6/25/2011
2495,6/26/2011
2499,6/4/2011
2499,6/5/2011
2499,6/11/2011
2499,6/12/2011
2499,6/13/2011
2499,6/18/2011
2499,6/19/2011
2499,6/25/2011
2499,6/26/2011
2503,6/4/2011
2503,6/5/2011
2503,6/11/2011
2503,6/12/2011
2503,6/13/2011
2503,6/18/2011
2503,6/19/2011
2503,6/25/2011
2503,6/26/2011
2506,6/4/2011
2506,6/5/2011
2506,6/11/2011
2506,6/12/2011
2506,6/13/2011
2506,6/18/2011
2506,6/19/2011
2506,6/25/2011
2506,6/26/2011
2507,6/4/2011
2507,6/5/2011
2507,6/11/2011
2507,6/12/2011
2507,6/13/2011
2507,6/18/2011
2507,6/19/2011
2507,6/25/2011
2507,6/26/2011
2518,6/5/2011
2518,6/12/2011
2518,6/13/2011
2518,6/19/2011
2518,6/26/2011
2519,6/5/2011
2519,6/12/2011
2519,6/13/2011
2519,6/19/2011
2519,6/26/2011
2524,6/4/2011
2524,6/5/2011
2524,6/11/2011
2524,6/12/2011
2524,6/13/2011
2524,6/18/2011
2524,6/19/2011
2524,6/25/2011
2524,6/26/2011
2529,6/5/2011
2529,6/12/2011
2529,6/13/2011
2529,6/19/2011
2529,6/26/2011
2530,6/4/2011
2530,6/5/2011
2530,6/11/2011
2530,6/12/2011
2530,6/13/2011
2530,6/18/2011
2530,6/19/2011
2530,6/25/2011
2530,6/26/2011
2537,6/4/2011
2537,6/5/2011
2537,6/11/2011
2537,6/12/2011
2537,6/13/2011
2537,6/18/2011
2537,6/19/2011
2537,6/25/2011
2537,6/26/2011
2539,6/4/2011
2539,6/5/2011
2539,6/11/2011
2539,6/12/2011
2539,6/13/2011
2539,6/18/2011
2539,6/19/2011
2539,6/25/2011
2539,6/26/2011
2542,6/12/2011
2546,6/4/2011
2546,6/5/2011
2546,6/11/2011
2546,6/12/2011
2546,6/13/2011
2546,6/18/2011
2546,6/19/2011
2546,6/25/2011
2546,6/26/2011
2547,6/4/2011
2547,6/5/2011
2547,6/11/2011
2547,6/12/2011
2547,6/13/2011
2547,6/18/2011
2547,6/19/2011
2547,6/25/2011
2547,6/26/2011
2548,6/4/2011
2548,6/5/2011
2548,6/11/2011
2548,6/12/2011
2548,6/18/2011
2548,6/19/2011
2548,6/25/2011
2548,6/26/2011
2554,6/4/2011
2554,6/5/2011
2554,6/11/2011
2554,6/12/2011
2554,6/13/2011
2554,6/18/2011
2554,6/19/2011
2554,6/25/2011
2554,6/26/2011
2555,6/5/2011
2555,6/12/2011
2555,6/18/2011
2555,6/19/2011
2555,6/25/2011
2555,6/26/2011
2557,6/4/2011
2557,6/5/2011
2557,6/11/2011
2557,6/12/2011
2557,6/13/2011
2557,6/18/2011
2557,6/19/2011
2557,6/25/2011
2557,6/26/2011
2559,6/4/2011
2559,6/5/2011
2559,6/11/2011
2559,6/12/2011
2559,6/13/2011
2559,6/18/2011
2559,6/19/2011
2559,6/25/2011
2559,6/26/2011
2564,6/5/2011
2564,6/12/2011
2564,6/13/2011
2564,6/19/2011
2564,6/26/2011
2568,6/5/2011
2568,6/12/2011
2568,6/13/2011
2568,6/19/2011
2568,6/26/2011
2571,6/4/2011
2571,6/5/2011
2571,6/11/2011
2571,6/12/2011
2571,6/13/2011
2571,6/18/2011
2571,6/19/2011
2571,6/25/2011
2571,6/26/2011
2574,6/19/2011
2576,6/4/2011
2576,6/5/2011
2576,6/11/2011
2576,6/12/2011
2576,6/13/2011
2576,6/18/2011
2576,6/19/2011
2576,6/25/2011
2576,6/26/2011
2581,6/5/2011
2581,6/12/2011
2581,6/13/2011
2581,6/19/2011
2581,6/26/2011
2593,6/4/2011
2593,6/5/2011
2593,6/11/2011
2593,6/12/2011
2593,6/13/2011
2593,6/18/2011
2593,6/19/2011
2593,6/25/2011
2593,6/26/2011
2594,6/4/2011
2594,6/5/2011
2594,6/11/2011
2594,6/12/2011
2594,6/13/2011
2594,6/18/2011
2594,6/19/2011
2594,6/25/2011
2594,6/26/2011
2598,6/12/2011
2602,6/5/2011
2602,6/12/2011
2602,6/19/2011
2602,6/26/2011
2604,6/4/2011
2604,6/5/2011
2604,6/11/2011
2604,6/12/2011
2604,6/13/2011
2604,6/18/2011
2604,6/19/2011
2604,6/25/2011
2604,6/26/2011
2606,6/4/2011
2606,6/5/2011
2606,6/11/2011
2606,6/12/2011
2606,6/13/2011
2606,6/18/2011
2606,6/19/2011
2606,6/25/2011
2606,6/26/2011
2607,6/4/2011
2607,6/5/2011
2607,6/11/2011
2607,6/12/2011
2607,6/13/2011
2607,6/18/2011
2607,6/25/2011
2607,6/26/2011
2609,6/5/2011
2609,6/12/2011
2609,6/13/2011
2609,6/19/2011
2609,6/26/2011
2611,6/4/2011
2611,6/5/2011
2611,6/11/2011
2611,6/12/2011
2611,6/13/2011
2611,6/18/2011
2611,6/19/2011
2611,6/25/2011
2611,6/26/2011
2614,6/4/2011
2614,6/5/2011
2614,6/11/2011
2614,6/12/2011
2614,6/13/2011
2614,6/18/2011
2614,6/19/2011
2614,6/25/2011
2614,6/26/2011
2617,6/4/2011
2617,6/5/2011
2617,6/11/2011
2617,6/12/2011
2617,6/13/2011
2617,6/18/2011
2617,6/19/2011
2617,6/25/2011
2617,6/26/2011
2620,6/4/2011
2620,6/5/2011
2620,6/11/2011
2620,6/12/2011
2620,6/13/2011
2620,6/18/2011
2620,6/19/2011
2620,6/25/2011
2620,6/26/2011
2626,6/4/2011
2626,6/5/2011
2626,6/11/2011
2626,6/12/2011
2626,6/13/2011
2626,6/18/2011
2626,6/19/2011
2626,6/25/2011
2626,6/26/2011
2644,6/4/2011
2644,6/5/2011
2644,6/11/2011
2644,6/12/2011
2644,6/18/2011
2644,6/19/2011
2644,6/25/2011
2644,6/26/2011
2645,6/5/2011
2645,6/12/2011
2645,6/13/2011
2645,6/19/2011
2645,6/26/2011
2647,6/5/2011
2647,6/11/2011
2647,6/12/2011
2647,6/13/2011
2647,6/19/2011
2647,6/26/2011
2650,6/4/2011
2650,6/5/2011
2650,6/11/2011
2650,6/12/2011
2650,6/13/2011
2650,6/18/2011
2650,6/19/2011
2650,6/25/2011
2650,6/26/2011
2652,6/4/2011
2652,6/5/2011
2652,6/11/2011
2652,6/12/2011
2652,6/13/2011
2652,6/18/2011
2652,6/19/2011
2652,6/25/2011
2652,6/26/2011
2654,6/4/2011
2654,6/5/2011
2654,6/11/2011
2654,6/12/2011
2654,6/13/2011
2654,6/18/2011
2654,6/19/2011
2654,6/25/2011
2654,6/26/2011
2655,6/4/2011
2655,6/5/2011
2655,6/11/2011
2655,6/12/2011
2655,6/13/2011
2655,6/18/2011
2655,6/19/2011
2655,6/25/2011
2655,6/26/2011
2657,6/4/2011
2657,6/5/2011
2657,6/11/2011
2657,6/12/2011
2657,6/13/2011
2657,6/18/2011
2657,6/19/2011
2657,6/25/2011
2657,6/26/2011
2659,6/4/2011
2659,6/5/2011
2659,6/11/2011
2659,6/12/2011
2659,6/13/2011
2659,6/18/2011
2659,6/19/2011
2659,6/25/2011
2659,6/26/2011
2664,6/4/2011
2664,6/5/2011
2664,6/11/2011
2664,6/12/2011
2664,6/13/2011
2664,6/18/2011
2664,6/19/2011
2664,6/25/2011
2664,6/26/2011
2670,6/4/2011
2670,6/5/2011
2670,6/11/2011
2670,6/12/2011
2670,6/13/2011
2670,6/18/2011
2670,6/19/2011
2670,6/25/2011
2670,6/26/2011
2672,6/4/2011
2672,6/5/2011
2672,6/11/2011
2672,6/12/2011
2672,6/13/2011
2672,6/18/2011
2672,6/19/2011
2672,6/25/2011
2672,6/26/2011
2673,6/4/2011
2673,6/5/2011
2673,6/11/2011
2673,6/12/2011
2673,6/13/2011
2673,6/18/2011
2673,6/19/2011
2673,6/25/2011
2673,6/26/2011
2677,6/4/2011
2677,6/5/2011
2677,6/11/2011
2677,6/12/2011
2677,6/18/2011
2677,6/19/2011
2677,6/25/2011
2677,6/26/2011
2684,6/4/2011
2684,6/5/2011
2684,6/11/2011
2684,6/12/2011
2684,6/13/2011
2684,6/18/2011
2684,6/19/2011
2684,6/25/2011
2684,6/26/2011
2688,6/4/2011
2688,6/5/2011
2688,6/11/2011
2688,6/12/2011
2688,6/13/2011
2688,6/18/2011
2688,6/19/2011
2688,6/25/2011
2688,6/26/2011
2696,6/4/2011
2696,6/5/2011
2696,6/11/2011
2696,6/12/2011
2696,6/13/2011
2696,6/18/2011
2696,6/19/2011
2696,6/25/2011
2696,6/26/2011
2697,6/4/2011
2697,6/5/2011
2697,6/11/2011
2697,6/12/2011
2697,6/13/2011
2697,6/18/2011
2697,6/19/2011
2697,6/25/2011
2697,6/26/2011
2699,6/4/2011
2699,6/5/2011
2699,6/11/2011
2699,6/12/2011
2699,6/13/2011
2699,6/18/2011
2699,6/19/2011
2699,6/25/2011
2699,6/26/2011
2704,6/4/2011
2704,6/5/2011
2704,6/11/2011
2704,6/12/2011
2704,6/13/2011
2704,6/18/2011
2704,6/19/2011
2704,6/25/2011
2704,6/26/2011
2707,6/4/2011
2707,6/5/2011
2707,6/11/2011
2707,6/12/2011
2707,6/13/2011
2707,6/18/2011
2707,6/19/2011
2707,6/25/2011
2707,6/26/2011
2712,6/4/2011
2712,6/5/2011
2712,6/11/2011
2712,6/12/2011
2712,6/13/2011
2712,6/18/2011
2712,6/19/2011
2712,6/25/2011
2712,6/26/2011
2721,6/5/2011
2721,6/12/2011
2721,6/19/2011
2721,6/26/2011
2722,6/4/2011
2722,6/5/2011
2722,6/11/2011
2722,6/12/2011
2722,6/13/2011
2722,6/18/2011
2722,6/19/2011
2722,6/25/2011
2722,6/26/2011
2728,6/4/2011
2728,6/5/2011
2728,6/11/2011
2728,6/12/2011
2728,6/13/2011
2728,6/18/2011
2728,6/19/2011
2728,6/25/2011
2728,6/26/2011
2729,6/4/2011
2729,6/5/2011
2729,6/11/2011
2729,6/12/2011
2729,6/13/2011
2729,6/18/2011
2729,6/19/2011
2729,6/25/2011
2729,6/26/2011
2733,6/5/2011
2733,6/12/2011
2733,6/13/2011
2733,6/19/2011
2733,6/26/2011
2738,6/4/2011
2738,6/5/2011
2738,6/11/2011
2738,6/12/2011
2738,6/13/2011
2738,6/18/2011
2738,6/19/2011
2738,6/25/2011
2738,6/26/2011
2741,6/4/2011
2741,6/5/2011
2741,6/11/2011
2741,6/12/2011
2741,6/13/2011
2741,6/18/2011
2741,6/19/2011
2741,6/25/2011
2741,6/26/2011
2742,6/4/2011
2742,6/5/2011
2742,6/11/2011
2742,6/12/2011
2742,6/13/2011
2742,6/18/2011
2742,6/19/2011
2742,6/25/2011
2742,6/26/2011
2743,6/4/2011
2743,6/5/2011
2743,6/11/2011
2743,6/12/2011
2743,6/13/2011
2743,6/18/2011
2743,6/19/2011
2743,6/25/2011
2743,6/26/2011
2746,6/4/2011
2746,6/5/2011
2746,6/11/2011
2746,6/12/2011
2746,6/13/2011
2746,6/18/2011
2746,6/19/2011
2746,6/25/2011
2746,6/26/2011
2749,6/4/2011
2749,6/5/2011
2749,6/11/2011
2749,6/12/2011
2749,6/13/2011
2749,6/18/2011
2749,6/19/2011
2749,6/25/2011
2749,6/26/2011
2755,6/4/2011
2755,6/5/2011
2755,6/11/2011
2755,6/12/2011
2755,6/13/2011
2755,6/18/2011
2755,6/19/2011
2755,6/25/2011
2755,6/26/2011
2756,6/4/2011
2756,6/5/2011
2756,6/11/2011
2756,6/12/2011
2756,6/13/2011
2756,6/18/2011
2756,6/19/2011
2756,6/25/2011
2756,6/26/2011
2761,6/4/2011
2761,6/5/2011
2761,6/11/2011
2761,6/12/2011
2761,6/13/2011
2761,6/18/2011
2761,6/19/2011
2761,6/25/2011
2761,6/26/2011
2763,6/13/2011
2767,6/5/2011
2767,6/12/2011
2767,6/13/2011
2767,6/19/2011
2767,6/26/2011
2768,6/4/2011
2768,6/5/2011
2768,6/11/2011
2768,6/12/2011
2768,6/13/2011
2768,6/18/2011
2768,6/19/2011
2768,6/25/2011
2768,6/26/2011
2769,6/4/2011
2769,6/5/2011
2769,6/11/2011
2769,6/12/2011
2769,6/13/2011
2769,6/18/2011
2769,6/19/2011
2769,6/25/2011
2769,6/26/2011
2772,6/4/2011
2772,6/5/2011
2772,6/11/2011
2772,6/12/2011
2772,6/13/2011
2772,6/18/2011
2772,6/19/2011
2772,6/25/2011
2772,6/26/2011
2776,6/4/2011
2776,6/5/2011
2776,6/11/2011
2776,6/12/2011
2776,6/13/2011
2776,6/18/2011
2776,6/19/2011
2776,6/25/2011
2776,6/26/2011
2780,6/4/2011
2780,6/5/2011
2780,6/11/2011
2780,6/12/2011
2780,6/13/2011
2780,6/18/2011
2780,6/19/2011
2780,6/25/2011
2780,6/26/2011
2782,6/5/2011
2782,6/12/2011
2782,6/13/2011
2782,6/19/2011
2782,6/26/2011
2786,6/12/2011
2789,6/4/2011
2789,6/5/2011
2789,6/11/2011
2789,6/12/2011
2789,6/13/2011
2789,6/18/2011
2789,6/19/2011
2789,6/25/2011
2789,6/26/2011
2793,6/4/2011
2793,6/5/2011
2793,6/11/2011
2793,6/12/2011
2793,6/13/2011
2793,6/18/2011
2793,6/19/2011
2793,6/25/2011
2793,6/26/2011
2794,6/4/2011
2794,6/5/2011
2794,6/11/2011
2794,6/12/2011
2794,6/13/2011
2794,6/18/2011
2794,6/19/2011
2794,6/25/2011
2794,6/26/2011
2795,6/4/2011
2795,6/5/2011
2795,6/11/2011
2795,6/12/2011
2795,6/13/2011
2795,6/18/2011
2795,6/19/2011
2795,6/25/2011
2795,6/26/2011
2796,6/4/2011
2796,6/5/2011
2796,6/11/2011
2796,6/12/2011
2796,6/13/2011
2796,6/18/2011
2796,6/19/2011
2796,6/25/2011
2796,6/26/2011
2798,6/5/2011
2798,6/12/2011
2798,6/19/2011
2798,6/26/2011
2801,6/5/2011
2801,6/12/2011
2801,6/13/2011
2801,6/19/2011
2801,6/26/2011
2802,6/4/2011
2802,6/5/2011
2802,6/11/2011
2802,6/12/2011
2802,6/13/2011
2802,6/18/2011
2802,6/19/2011
2802,6/25/2011
2802,6/26/2011
2807,6/4/2011
2807,6/5/2011
2807,6/11/2011
2807,6/12/2011
2807,6/13/2011
2807,6/18/2011
2807,6/19/2011
2807,6/25/2011
2807,6/26/2011
2810,6/4/2011
2810,6/5/2011
2810,6/11/2011
2810,6/12/2011
2810,6/13/2011
2810,6/18/2011
2810,6/19/2011
2810,6/25/2011
2810,6/26/2011
2816,6/4/2011
2816,6/5/2011
2816,6/11/2011
2816,6/12/2011
2816,6/13/2011
2816,6/18/2011
2816,6/19/2011
2816,6/25/2011
2816,6/26/2011
2827,6/4/2011
2827,6/5/2011
2827,6/11/2011
2827,6/12/2011
2827,6/13/2011
2827,6/18/2011
2827,6/19/2011
2827,6/25/2011
2827,6/26/2011
2829,6/4/2011
2829,6/5/2011
2829,6/11/2011
2829,6/12/2011
2829,6/13/2011
2829,6/18/2011
2829,6/19/2011
2829,6/25/2011
2829,6/26/2011
2830,6/5/2011
2830,6/12/2011
2830,6/13/2011
2830,6/19/2011
2830,6/26/2011
2836,6/4/2011
2836,6/5/2011
2836,6/11/2011
2836,6/12/2011
2836,6/13/2011
2836,6/18/2011
2836,6/19/2011
2836,6/25/2011
2836,6/26/2011
2838,6/4/2011
2838,6/5/2011
2838,6/11/2011
2838,6/12/2011
2838,6/13/2011
2838,6/18/2011
2838,6/19/2011
2838,6/25/2011
2838,6/26/2011
2842,6/5/2011
2842,6/12/2011
2842,6/13/2011
2842,6/19/2011
2842,6/26/2011
2843,6/4/2011
2843,6/5/2011
2843,6/11/2011
2843,6/12/2011
2843,6/13/2011
2843,6/18/2011
2843,6/19/2011
2843,6/25/2011
2843,6/26/2011
2846,6/5/2011
2846,6/12/2011
2846,6/13/2011
2846,6/19/2011
2846,6/26/2011
2849,6/4/2011
2849,6/5/2011
2849,6/11/2011
2849,6/12/2011
2849,6/13/2011
2849,6/18/2011
2849,6/19/2011
2849,6/25/2011
2849,6/26/2011
2851,6/4/2011
2851,6/5/2011
2851,6/11/2011
2851,6/12/2011
2851,6/13/2011
2851,6/18/2011
2851,6/19/2011
2851,6/25/2011
2851,6/26/2011
2856,6/5/2011
2856,6/12/2011
2856,6/13/2011
2856,6/19/2011
2856,6/26/2011
2857,6/5/2011
2857,6/12/2011
2857,6/13/2011
2857,6/19/2011
2857,6/26/2011
2859,6/4/2011
2859,6/5/2011
2859,6/11/2011
2859,6/12/2011
2859,6/13/2011
2859,6/18/2011
2859,6/19/2011
2859,6/25/2011
2859,6/26/2011
2860,6/12/2011
2862,6/4/2011
2862,6/5/2011
2862,6/11/2011
2862,6/12/2011
2862,6/13/2011
2862,6/18/2011
2862,6/19/2011
2862,6/25/2011
2862,6/26/2011
2863,6/4/2011
2863,6/5/2011
2863,6/11/2011
2863,6/12/2011
2863,6/13/2011
2863,6/18/2011
2863,6/19/2011
2863,6/25/2011
2863,6/26/2011
2865,6/5/2011
2865,6/12/2011
2865,6/13/2011
2865,6/19/2011
2865,6/26/2011
2866,6/4/2011
2866,6/5/2011
2866,6/11/2011
2866,6/12/2011
2866,6/13/2011
2866,6/18/2011
2866,6/19/2011
2866,6/25/2011
2866,6/26/2011
2867,6/12/2011
2868,6/4/2011
2868,6/5/2011
2868,6/11/2011
2868,6/12/2011
2868,6/13/2011
2868,6/18/2011
2868,6/19/2011
2868,6/25/2011
2868,6/26/2011
2873,6/4/2011
2873,6/5/2011
2873,6/11/2011
2873,6/12/2011
2873,6/13/2011
2873,6/18/2011
2873,6/19/2011
2873,6/25/2011
2873,6/26/2011
2876,6/4/2011
2876,6/5/2011
2876,6/11/2011
2876,6/12/2011
2876,6/13/2011
2876,6/18/2011
2876,6/19/2011
2876,6/25/2011
2876,6/26/2011
2877,6/4/2011
2877,6/5/2011
2877,6/11/2011
2877,6/12/2011
2877,6/18/2011
2877,6/19/2011
2877,6/25/2011
2877,6/26/2011
2880,6/5/2011
2880,6/12/2011
2880,6/13/2011
2880,6/19/2011
2880,6/26/2011
2881,6/4/2011
2881,6/5/2011
2881,6/11/2011
2881,6/12/2011
2881,6/13/2011
2881,6/18/2011
2881,6/19/2011
2881,6/25/2011
2881,6/26/2011
2883,6/5/2011
2883,6/11/2011
2883,6/12/2011
2883,6/13/2011
2883,6/19/2011
2883,6/26/2011
2884,6/4/2011
2884,6/5/2011
2884,6/11/2011
2884,6/12/2011
2884,6/13/2011
2884,6/18/2011
2884,6/19/2011
2884,6/25/2011
2884,6/26/2011
2888,6/4/2011
2888,6/5/2011
2888,6/11/2011
2888,6/12/2011
2888,6/18/2011
2888,6/19/2011
2888,6/25/2011
2888,6/26/2011
2890,6/4/2011
2890,6/5/2011
2890,6/11/2011
2890,6/12/2011
2890,6/13/2011
2890,6/18/2011
2890,6/19/2011
2890,6/25/2011
2890,6/26/2011
2896,6/4/2011
2896,6/5/2011
2896,6/11/2011
2896,6/12/2011
2896,6/13/2011
2896,6/18/2011
2896,6/19/2011
2896,6/25/2011
2896,6/26/2011
2897,6/4/2011
2897,6/5/2011
2897,6/11/2011
2897,6/12/2011
2897,6/13/2011
2897,6/18/2011
2897,6/19/2011
2897,6/25/2011
2897,6/26/2011
2898,6/4/2011
2898,6/5/2011
2898,6/11/2011
2898,6/12/2011
2898,6/13/2011
2898,6/18/2011
2898,6/19/2011
2898,6/25/2011
2898,6/26/2011
2900,6/4/2011
2900,6/5/2011
2900,6/11/2011
2900,6/12/2011
2900,6/13/2011
2900,6/18/2011
2900,6/19/2011
2900,6/25/2011
2900,6/26/2011
2902,6/4/2011
2902,6/5/2011
2902,6/11/2011
2902,6/12/2011
2902,6/13/2011
2902,6/18/2011
2902,6/19/2011
2902,6/25/2011
2902,6/26/2011
2903,6/4/2011
2903,6/5/2011
2903,6/11/2011
2903,6/12/2011
2903,6/13/2011
2903,6/18/2011
2903,6/19/2011
2903,6/25/2011
2903,6/26/2011
2913,6/5/2011
2913,6/12/2011
2913,6/13/2011
2913,6/19/2011
2913,6/26/2011
2914,6/4/2011
2914,6/5/2011
2914,6/11/2011
2914,6/12/2011
2914,6/13/2011
2914,6/18/2011
2914,6/19/2011
2914,6/25/2011
2914,6/26/2011
2919,6/12/2011
2919,6/13/2011
2922,6/4/2011
2922,6/5/2011
2922,6/11/2011
2922,6/12/2011
2922,6/13/2011
2922,6/18/2011
2922,6/19/2011
2922,6/25/2011
2922,6/26/2011
2923,6/4/2011
2923,6/5/2011
2923,6/11/2011
2923,6/12/2011
2923,6/13/2011
2923,6/18/2011
2923,6/19/2011
2923,6/25/2011
2923,6/26/2011
2928,6/4/2011
2928,6/5/2011
2928,6/11/2011
2928,6/12/2011
2928,6/13/2011
2928,6/18/2011
2928,6/19/2011
2928,6/25/2011
2928,6/26/2011
2929,6/4/2011
2929,6/5/2011
2929,6/11/2011
2929,6/12/2011
2929,6/13/2011
2929,6/18/2011
2929,6/19/2011
2929,6/25/2011
2929,6/26/2011
2932,6/4/2011
2932,6/5/2011
2932,6/11/2011
2932,6/12/2011
2932,6/13/2011
2932,6/18/2011
2932,6/19/2011
2932,6/25/2011
2932,6/26/2011
2937,6/4/2011
2937,6/5/2011
2937,6/11/2011
2937,6/12/2011
2937,6/13/2011
2937,6/18/2011
2937,6/19/2011
2937,6/25/2011
2937,6/26/2011
2938,6/4/2011
2938,6/5/2011
2938,6/11/2011
2938,6/12/2011
2938,6/13/2011
2938,6/18/2011
2938,6/19/2011
2938,6/25/2011
2938,6/26/2011
2942,6/4/2011
2942,6/5/2011
2942,6/11/2011
2942,6/12/2011
2942,6/13/2011
2942,6/15/2011
2942,6/18/2011
2942,6/19/2011
2942,6/25/2011
2942,6/26/2011
2949,6/4/2011
2949,6/5/2011
2949,6/11/2011
2949,6/12/2011
2949,6/13/2011
2949,6/18/2011
2949,6/19/2011
2949,6/25/2011
2949,6/26/2011
2957,6/4/2011
2957,6/5/2011
2957,6/11/2011
2957,6/12/2011
2957,6/13/2011
2957,6/18/2011
2957,6/19/2011
2957,6/25/2011
2957,6/26/2011
2960,6/4/2011
2960,6/5/2011
2960,6/11/2011
2960,6/12/2011
2960,6/13/2011
2960,6/18/2011
2960,6/19/2011
2960,6/25/2011
2960,6/26/2011
2961,6/4/2011
2961,6/5/2011
2961,6/11/2011
2961,6/12/2011
2961,6/13/2011
2961,6/18/2011
2961,6/19/2011
2961,6/25/2011
2961,6/26/2011
2965,6/4/2011
2965,6/5/2011
2965,6/11/2011
2965,6/12/2011
2965,6/13/2011
2965,6/18/2011
2965,6/19/2011
2965,6/25/2011
2965,6/26/2011
2966,6/4/2011
2966,6/5/2011
2966,6/11/2011
2966,6/12/2011
2966,6/13/2011
2966,6/18/2011
2966,6/19/2011
2966,6/25/2011
2966,6/26/2011
2982,6/4/2011
2982,6/5/2011
2982,6/11/2011
2982,6/12/2011
2982,6/13/2011
2982,6/18/2011
2982,6/19/2011
2982,6/25/2011
2982,6/26/2011
2983,6/12/2011
2990,6/5/2011
2990,6/12/2011
2990,6/13/2011
2990,6/19/2011
2990,6/26/2011
2992,6/4/2011
2992,6/5/2011
2992,6/11/2011
2992,6/12/2011
2992,6/13/2011
2992,6/18/2011
2992,6/19/2011
2992,6/25/2011
2992,6/26/2011
2995,6/4/2011
2995,6/5/2011
2995,6/11/2011
2995,6/12/2011
2995,6/13/2011
2995,6/18/2011
2995,6/19/2011
2995,6/25/2011
2995,6/26/2011
2996,6/4/2011
2996,6/5/2011
2996,6/11/2011
2996,6/12/2011
2996,6/13/2011
2996,6/18/2011
2996,6/19/2011
2996,6/25/2011
2996,6/26/2011
2998,6/5/2011
2998,6/12/2011
2998,6/13/2011
2998,6/19/2011
2998,6/26/2011
3000,6/4/2011
3000,6/5/2011
3000,6/11/2011
3000,6/12/2011
3000,6/13/2011
3000,6/18/2011
3000,6/19/2011
3000,6/25/2011
3000,6/26/2011
3001,6/5/2011
3001,6/12/2011
3001,6/13/2011
3001,6/19/2011
3001,6/26/2011
3006,6/4/2011
3006,6/5/2011
3006,6/11/2011
3006,6/12/2011
3006,6/13/2011
3006,6/18/2011
3006,6/19/2011
3006,6/25/2011
3006,6/26/2011
3010,6/5/2011
3010,6/12/2011
3010,6/13/2011
3010,6/19/2011
3010,6/26/2011
3011,6/4/2011
3011,6/5/2011
3011,6/11/2011
3011,6/12/2011
3011,6/13/2011
3011,6/18/2011
3011,6/19/2011
3011,6/25/2011
3011,6/26/2011
3015,6/4/2011
3015,6/5/2011
3015,6/11/2011
3015,6/12/2011
3015,6/13/2011
3015,6/18/2011
3015,6/19/2011
3015,6/25/2011
3015,6/26/2011
3017,6/4/2011
3017,6/5/2011
3017,6/11/2011
3017,6/12/2011
3017,6/13/2011
3017,6/18/2011
3017,6/19/2011
3017,6/25/2011
3017,6/26/2011
3027,6/4/2011
3027,6/5/2011
3027,6/11/2011
3027,6/12/2011
3027,6/13/2011
3027,6/18/2011
3027,6/19/2011
3027,6/25/2011
3027,6/26/2011
3033,6/4/2011
3033,6/5/2011
3033,6/11/2011
3033,6/12/2011
3033,6/13/2011
3033,6/18/2011
3033,6/19/2011
3033,6/25/2011
3033,6/26/2011
3036,6/4/2011
3036,6/5/2011
3036,6/11/2011
3036,6/12/2011
3036,6/13/2011
3036,6/18/2011
3036,6/19/2011
3036,6/25/2011
3036,6/26/2011
3037,6/5/2011
3037,6/12/2011
3037,6/13/2011
3037,6/19/2011
3037,6/26/2011
3038,6/4/2011
3038,6/5/2011
3038,6/11/2011
3038,6/12/2011
3038,6/13/2011
3038,6/18/2011
3038,6/19/2011
3038,6/25/2011
3038,6/26/2011
3042,6/5/2011
3042,6/12/2011
3042,6/13/2011
3042,6/19/2011
3042,6/26/2011
3047,6/5/2011
3047,6/12/2011
3047,6/13/2011
3047,6/19/2011
3047,6/26/2011
3048,6/4/2011
3048,6/5/2011
3048,6/11/2011
3048,6/12/2011
3048,6/13/2011
3048,6/18/2011
3048,6/19/2011
3048,6/25/2011
3048,6/26/2011
3049,6/4/2011
3049,6/5/2011
3049,6/11/2011
3049,6/12/2011
3049,6/13/2011
3049,6/18/2011
3049,6/19/2011
3049,6/25/2011
3049,6/26/2011
3050,6/4/2011
3050,6/5/2011
3050,6/11/2011
3050,6/12/2011
3050,6/13/2011
3050,6/18/2011
3050,6/19/2011
3050,6/25/2011
3050,6/26/2011
3052,6/4/2011
3052,6/5/2011
3052,6/11/2011
3052,6/12/2011
3052,6/13/2011
3052,6/18/2011
3052,6/19/2011
3052,6/25/2011
3052,6/26/2011
3053,6/4/2011
3053,6/5/2011
3053,6/11/2011
3053,6/12/2011
3053,6/13/2011
3053,6/18/2011
3053,6/19/2011
3053,6/25/2011
3053,6/26/2011
3061,6/5/2011
3061,6/12/2011
3061,6/13/2011
3061,6/19/2011
3061,6/26/2011
3064,6/4/2011
3064,6/5/2011
3064,6/11/2011
3064,6/12/2011
3064,6/13/2011
3064,6/18/2011
3064,6/19/2011
3064,6/25/2011
3064,6/26/2011
3065,6/12/2011
3071,6/4/2011
3071,6/5/2011
3071,6/11/2011
3071,6/12/2011
3071,6/13/2011
3071,6/18/2011
3071,6/19/2011
3071,6/25/2011
3071,6/26/2011
3089,6/4/2011
3089,6/5/2011
3089,6/11/2011
3089,6/12/2011
3089,6/13/2011
3089,6/18/2011
3089,6/19/2011
3089,6/25/2011
3089,6/26/2011
3090,6/4/2011
3090,6/5/2011
3090,6/11/2011
3090,6/12/2011
3090,6/13/2011
3090,6/18/2011
3090,6/19/2011
3090,6/25/2011
3090,6/26/2011
3095,6/4/2011
3095,6/5/2011
3095,6/11/2011
3095,6/12/2011
3095,6/13/2011
3095,6/18/2011
3095,6/19/2011
3095,6/25/2011
3095,6/26/2011
3099,6/4/2011
3099,6/5/2011
3099,6/11/2011
3099,6/12/2011
3099,6/13/2011
3099,6/18/2011
3099,6/19/2011
3099,6/25/2011
3099,6/26/2011
3104,6/4/2011
3104,6/5/2011
3104,6/11/2011
3104,6/12/2011
3104,6/13/2011
3104,6/18/2011
3104,6/19/2011
3104,6/25/2011
3104,6/26/2011
3105,6/4/2011
3105,6/5/2011
3105,6/11/2011
3105,6/12/2011
3105,6/13/2011
3105,6/18/2011
3105,6/19/2011
3105,6/25/2011
3105,6/26/2011
3106,6/4/2011
3106,6/5/2011
3106,6/11/2011
3106,6/12/2011
3106,6/13/2011
3106,6/18/2011
3106,6/19/2011
3106,6/25/2011
3106,6/26/2011
3115,6/4/2011
3115,6/5/2011
3115,6/11/2011
3115,6/12/2011
3115,6/13/2011
3115,6/18/2011
3115,6/19/2011
3115,6/25/2011
3115,6/26/2011
3116,6/4/2011
3116,6/5/2011
3116,6/11/2011
3116,6/12/2011
3116,6/13/2011
3116,6/18/2011
3116,6/19/2011
3116,6/25/2011
3116,6/26/2011
3120,6/12/2011
3120,6/13/2011
3120,6/19/2011
3120,6/26/2011
3122,6/4/2011
3122,6/5/2011
3122,6/11/2011
3122,6/12/2011
3122,6/18/2011
3122,6/19/2011
3122,6/25/2011
3122,6/26/2011
3123,6/4/2011
3123,6/5/2011
3123,6/11/2011
3123,6/12/2011
3123,6/13/2011
3123,6/18/2011
3123,6/19/2011
3123,6/25/2011
3123,6/26/2011
3124,6/12/2011
3135,6/4/2011
3135,6/5/2011
3135,6/11/2011
3135,6/12/2011
3135,6/13/2011
3135,6/18/2011
3135,6/19/2011
3135,6/25/2011
3135,6/26/2011
3136,6/4/2011
3136,6/5/2011
3136,6/11/2011
3136,6/12/2011
3136,6/13/2011
3136,6/18/2011
3136,6/19/2011
3136,6/25/2011
3136,6/26/2011
3138,6/5/2011
3138,6/12/2011
3138,6/13/2011
3138,6/19/2011
3138,6/26/2011
3139,6/4/2011
3139,6/5/2011
3139,6/11/2011
3139,6/12/2011
3139,6/13/2011
3139,6/18/2011
3139,6/19/2011
3139,6/25/2011
3139,6/26/2011
3154,6/4/2011
3154,6/5/2011
3154,6/11/2011
3154,6/12/2011
3154,6/13/2011
3154,6/18/2011
3154,6/19/2011
3154,6/25/2011
3154,6/26/2011
3161,6/5/2011
3161,6/12/2011
3161,6/19/2011
3161,6/26/2011
3163,6/5/2011
3163,6/12/2011
3163,6/13/2011
3163,6/19/2011
3163,6/26/2011
3166,6/4/2011
3166,6/5/2011
3166,6/11/2011
3166,6/12/2011
3166,6/13/2011
3166,6/18/2011
3166,6/19/2011
3166,6/25/2011
3166,6/26/2011
3171,6/5/2011
3171,6/12/2011
3171,6/13/2011
3171,6/19/2011
3171,6/26/2011
3172,6/4/2011
3172,6/5/2011
3172,6/11/2011
3172,6/12/2011
3172,6/13/2011
3172,6/18/2011
3172,6/19/2011
3172,6/25/2011
3172,6/26/2011
3173,6/4/2011
3173,6/5/2011
3173,6/11/2011
3173,6/12/2011
3173,6/13/2011
3173,6/18/2011
3173,6/19/2011
3173,6/25/2011
3173,6/26/2011
3174,6/5/2011
3174,6/12/2011
3174,6/13/2011
3174,6/19/2011
3174,6/26/2011
3175,6/4/2011
3175,6/5/2011
3175,6/11/2011
3175,6/12/2011
3175,6/13/2011
3175,6/18/2011
3175,6/19/2011
3175,6/25/2011
3175,6/26/2011
3177,6/4/2011
3177,6/5/2011
3177,6/11/2011
3177,6/12/2011
3177,6/13/2011
3177,6/18/2011
3177,6/19/2011
3177,6/25/2011
3177,6/26/2011
3180,6/5/2011
3180,6/12/2011
3180,6/13/2011
3180,6/19/2011
3180,6/26/2011
3181,6/4/2011
3181,6/5/2011
3181,6/11/2011
3181,6/12/2011
3181,6/13/2011
3181,6/18/2011
3181,6/19/2011
3181,6/25/2011
3181,6/26/2011
3183,6/4/2011
3183,6/5/2011
3183,6/11/2011
3183,6/12/2011
3183,6/13/2011
3183,6/18/2011
3183,6/19/2011
3183,6/25/2011
3183,6/26/2011
3184,6/4/2011
3184,6/5/2011
3184,6/12/2011
3184,6/19/2011
3184,6/26/2011
3185,6/4/2011
3185,6/5/2011
3185,6/11/2011
3185,6/12/2011
3185,6/13/2011
3185,6/18/2011
3185,6/19/2011
3185,6/25/2011
3185,6/26/2011
3186,6/4/2011
3186,6/5/2011
3186,6/11/2011
3186,6/12/2011
3186,6/13/2011
3186,6/18/2011
3186,6/19/2011
3186,6/25/2011
3186,6/26/2011
3187,6/4/2011
3187,6/5/2011
3187,6/11/2011
3187,6/12/2011
3187,6/13/2011
3187,6/18/2011
3187,6/19/2011
3187,6/25/2011
3187,6/26/2011
3190,6/4/2011
3190,6/5/2011
3190,6/11/2011
3190,6/12/2011
3190,6/13/2011
3190,6/18/2011
3190,6/19/2011
3190,6/25/2011
3190,6/26/2011
3192,6/4/2011
3192,6/5/2011
3192,6/11/2011
3192,6/12/2011
3192,6/13/2011
3192,6/18/2011
3192,6/19/2011
3192,6/25/2011
3192,6/26/2011
3197,6/5/2011
3197,6/12/2011
3197,6/13/2011
3197,6/19/2011
3197,6/26/2011
3200,6/4/2011
3200,6/5/2011
3200,6/11/2011
3200,6/12/2011
3200,6/13/2011
3200,6/18/2011
3200,6/19/2011
3200,6/25/2011
3200,6/26/2011
3202,6/4/2011
3202,6/5/2011
3202,6/11/2011
3202,6/12/2011
3202,6/13/2011
3202,6/18/2011
3202,6/19/2011
3202,6/25/2011
3202,6/26/2011
3203,6/4/2011
3203,6/5/2011
3203,6/11/2011
3203,6/12/2011
3203,6/13/2011
3203,6/18/2011
3203,6/19/2011
3203,6/25/2011
3203,6/26/2011
3204,6/4/2011
3204,6/5/2011
3204,6/11/2011
3204,6/12/2011
3204,6/13/2011
3204,6/18/2011
3204,6/19/2011
3204,6/25/2011
3204,6/26/2011
3206,6/4/2011
3206,6/5/2011
3206,6/11/2011
3206,6/12/2011
3206,6/13/2011
3206,6/18/2011
3206,6/19/2011
3206,6/25/2011
3206,6/26/2011
3207,6/4/2011
3207,6/5/2011
3207,6/11/2011
3207,6/12/2011
3207,6/13/2011
3207,6/18/2011
3207,6/19/2011
3207,6/25/2011
3207,6/26/2011
3209,6/4/2011
3209,6/5/2011
3209,6/11/2011
3209,6/12/2011
3209,6/13/2011
3209,6/18/2011
3209,6/19/2011
3209,6/25/2011
3209,6/26/2011
3214,6/4/2011
3214,6/5/2011
3214,6/11/2011
3214,6/12/2011
3214,6/13/2011
3214,6/18/2011
3214,6/19/2011
3214,6/25/2011
3214,6/26/2011
3223,6/5/2011
3223,6/12/2011
3223,6/13/2011
3223,6/19/2011
3223,6/26/2011
3229,6/4/2011
3229,6/5/2011
3229,6/11/2011
3229,6/12/2011
3229,6/13/2011
3229,6/18/2011
3229,6/19/2011
3229,6/25/2011
3229,6/26/2011
3231,6/4/2011
3231,6/5/2011
3231,6/11/2011
3231,6/12/2011
3231,6/13/2011
3231,6/18/2011
3231,6/19/2011
3231,6/25/2011
3231,6/26/2011
3235,6/4/2011
3235,6/5/2011
3235,6/11/2011
3235,6/12/2011
3235,6/13/2011
3235,6/18/2011
3235,6/19/2011
3235,6/25/2011
3235,6/26/2011
3236,6/4/2011
3236,6/5/2011
3236,6/11/2011
3236,6/12/2011
3236,6/13/2011
3236,6/18/2011
3236,6/19/2011
3236,6/25/2011
3236,6/26/2011
3237,6/4/2011
3237,6/5/2011
3237,6/11/2011
3237,6/12/2011
3237,6/13/2011
3237,6/18/2011
3237,6/19/2011
3237,6/25/2011
3237,6/26/2011
3238,6/4/2011
3238,6/5/2011
3238,6/11/2011
3238,6/12/2011
3238,6/13/2011
3238,6/18/2011
3238,6/19/2011
3238,6/25/2011
3238,6/26/2011
3242,6/4/2011
3242,6/5/2011
3242,6/11/2011
3242,6/12/2011
3242,6/13/2011
3242,6/18/2011
3242,6/19/2011
3242,6/25/2011
3242,6/26/2011
3247,6/5/2011
3247,6/12/2011
3247,6/13/2011
3247,6/19/2011
3247,6/26/2011
3250,6/4/2011
3250,6/5/2011
3250,6/11/2011
3250,6/12/2011
3250,6/13/2011
3250,6/18/2011
3250,6/19/2011
3250,6/25/2011
3250,6/26/2011
3256,6/4/2011
3256,6/5/2011
3256,6/11/2011
3256,6/12/2011
3256,6/13/2011
3256,6/18/2011
3256,6/19/2011
3256,6/25/2011
3256,6/26/2011
3257,6/4/2011
3257,6/5/2011
3257,6/11/2011
3257,6/12/2011
3257,6/13/2011
3257,6/18/2011
3257,6/19/2011
3257,6/25/2011
3257,6/26/2011
3262,6/5/2011
3262,6/12/2011
3262,6/13/2011
3262,6/19/2011
3262,6/26/2011
3269,6/5/2011
3269,6/12/2011
3269,6/13/2011
3269,6/19/2011
3269,6/26/2011
3271,6/12/2011
3273,6/4/2011
3273,6/5/2011
3273,6/11/2011
3273,6/12/2011
3273,6/13/2011
3273,6/18/2011
3273,6/19/2011
3273,6/25/2011
3273,6/26/2011
3275,6/4/2011
3275,6/5/2011
3275,6/11/2011
3275,6/12/2011
3275,6/13/2011
3275,6/18/2011
3275,6/19/2011
3275,6/25/2011
3275,6/26/2011
3277,6/12/2011
3278,6/4/2011
3278,6/5/2011
3278,6/11/2011
3278,6/12/2011
3278,6/13/2011
3278,6/18/2011
3278,6/19/2011
3278,6/25/2011
3278,6/26/2011
3283,6/4/2011
3283,6/5/2011
3283,6/11/2011
3283,6/12/2011
3283,6/18/2011
3283,6/19/2011
3283,6/25/2011
3283,6/26/2011
3286,6/4/2011
3286,6/5/2011
3286,6/11/2011
3286,6/12/2011
3286,6/13/2011
3286,6/18/2011
3286,6/19/2011
3286,6/25/2011
3286,6/26/2011
3292,6/5/2011
3292,6/12/2011
3292,6/13/2011
3292,6/19/2011
3292,6/26/2011
3293,6/4/2011
3293,6/5/2011
3293,6/11/2011
3293,6/12/2011
3293,6/13/2011
3293,6/18/2011
3293,6/19/2011
3293,6/25/2011
3293,6/26/2011
3294,6/4/2011
3294,6/5/2011
3294,6/11/2011
3294,6/12/2011
3294,6/13/2011
3294,6/18/2011
3294,6/19/2011
3294,6/25/2011
3294,6/26/2011
3296,6/4/2011
3296,6/5/2011
3296,6/11/2011
3296,6/12/2011
3296,6/13/2011
3296,6/18/2011
3296,6/19/2011
3296,6/25/2011
3296,6/26/2011
3298,6/4/2011
3298,6/5/2011
3298,6/11/2011
3298,6/12/2011
3298,6/13/2011
3298,6/18/2011
3298,6/19/2011
3298,6/25/2011
3298,6/26/2011
3303,6/4/2011
3303,6/5/2011
3303,6/11/2011
3303,6/12/2011
3303,6/13/2011
3303,6/18/2011
3303,6/19/2011
3303,6/25/2011
3303,6/26/2011
3304,6/4/2011
3304,6/5/2011
3304,6/11/2011
3304,6/12/2011
3304,6/13/2011
3304,6/18/2011
3304,6/19/2011
3304,6/25/2011
3304,6/26/2011
3306,6/5/2011
3306,6/12/2011
3306,6/13/2011
3306,6/19/2011
3306,6/26/2011
3307,6/5/2011
3307,6/12/2011
3307,6/13/2011
3307,6/19/2011
3307,6/26/2011
3308,6/4/2011
3308,6/5/2011
3308,6/11/2011
3308,6/12/2011
3308,6/13/2011
3308,6/18/2011
3308,6/19/2011
3308,6/25/2011
3308,6/26/2011
3309,6/4/2011
3309,6/5/2011
3309,6/11/2011
3309,6/12/2011
3309,6/18/2011
3309,6/19/2011
3309,6/25/2011
3309,6/26/2011
3313,6/4/2011
3313,6/5/2011
3313,6/11/2011
3313,6/12/2011
3313,6/13/2011
3313,6/18/2011
3313,6/19/2011
3313,6/25/2011
3313,6/26/2011
3315,6/4/2011
3315,6/5/2011
3315,6/11/2011
3315,6/12/2011
3315,6/13/2011
3315,6/18/2011
3315,6/19/2011
3315,6/25/2011
3315,6/26/2011
3318,6/4/2011
3318,6/5/2011
3318,6/11/2011
3318,6/12/2011
3318,6/13/2011
3318,6/18/2011
3318,6/19/2011
3318,6/25/2011
3318,6/26/2011
3319,6/4/2011
3319,6/5/2011
3319,6/11/2011
3319,6/12/2011
3319,6/13/2011
3319,6/18/2011
3319,6/19/2011
3319,6/25/2011
3319,6/26/2011
3324,6/4/2011
3324,6/5/2011
3324,6/11/2011
3324,6/12/2011
3324,6/13/2011
3324,6/18/2011
3324,6/19/2011
3324,6/25/2011
3324,6/26/2011
3325,6/5/2011
3325,6/12/2011
3325,6/13/2011
3325,6/19/2011
3325,6/26/2011
3326,6/4/2011
3326,6/5/2011
3326,6/11/2011
3326,6/12/2011
3326,6/13/2011
3326,6/18/2011
3326,6/19/2011
3326,6/25/2011
3326,6/26/2011
3328,6/4/2011
3328,6/5/2011
3328,6/11/2011
3328,6/12/2011
3328,6/13/2011
3328,6/18/2011
3328,6/19/2011
3328,6/25/2011
3328,6/26/2011
3330,6/5/2011
3330,6/12/2011
3330,6/19/2011
3330,6/26/2011
3332,6/5/2011
3332,6/12/2011
3332,6/13/2011
3332,6/19/2011
3332,6/26/2011
3333,6/4/2011
3333,6/5/2011
3333,6/11/2011
3333,6/12/2011
3333,6/13/2011
3333,6/18/2011
3333,6/19/2011
3333,6/25/2011
3333,6/26/2011
3334,6/5/2011
3334,6/12/2011
3334,6/13/2011
3334,6/19/2011
3334,6/26/2011
3335,6/4/2011
3335,6/5/2011
3335,6/11/2011
3335,6/12/2011
3335,6/13/2011
3335,6/18/2011
3335,6/19/2011
3335,6/25/2011
3335,6/26/2011
3338,6/5/2011
3338,6/12/2011
3338,6/13/2011
3338,6/19/2011
3338,6/26/2011
3339,6/4/2011
3339,6/5/2011
3339,6/11/2011
3339,6/12/2011
3339,6/13/2011
3339,6/18/2011
3339,6/19/2011
3339,6/25/2011
3339,6/26/2011
3340,6/4/2011
3340,6/5/2011
3340,6/11/2011
3340,6/12/2011
3340,6/13/2011
3340,6/18/2011
3340,6/19/2011
3340,6/25/2011
3340,6/26/2011
3342,6/4/2011
3342,6/5/2011
3342,6/11/2011
3342,6/12/2011
3342,6/13/2011
3342,6/18/2011
3342,6/19/2011
3342,6/25/2011
3342,6/26/2011
3343,6/4/2011
3343,6/5/2011
3343,6/11/2011
3343,6/12/2011
3343,6/18/2011
3343,6/19/2011
3343,6/25/2011
3343,6/26/2011
3344,6/4/2011
3344,6/5/2011
3344,6/11/2011
3344,6/12/2011
3344,6/13/2011
3344,6/18/2011
3344,6/19/2011
3344,6/25/2011
3344,6/26/2011
3345,6/4/2011
3345,6/5/2011
3345,6/11/2011
3345,6/12/2011
3345,6/13/2011
3345,6/18/2011
3345,6/19/2011
3345,6/25/2011
3345,6/26/2011
3346,6/4/2011
3346,6/5/2011
3346,6/11/2011
3346,6/12/2011
3346,6/13/2011
3346,6/18/2011
3346,6/19/2011
3346,6/25/2011
3346,6/26/2011
3349,6/5/2011
3349,6/12/2011
3349,6/13/2011
3349,6/19/2011
3349,6/26/2011
3350,6/5/2011
3350,6/12/2011
3350,6/13/2011
3350,6/19/2011
3350,6/26/2011
3351,6/4/2011
3351,6/5/2011
3351,6/11/2011
3351,6/12/2011
3351,6/13/2011
3351,6/18/2011
3351,6/19/2011
3351,6/25/2011
3351,6/26/2011
3353,6/4/2011
3353,6/5/2011
3353,6/11/2011
3353,6/12/2011
3353,6/13/2011
3353,6/18/2011
3353,6/19/2011
3353,6/25/2011
3353,6/26/2011
3354,6/5/2011
3354,6/12/2011
3354,6/13/2011
3354,6/19/2011
3354,6/26/2011
3357,6/4/2011
3357,6/5/2011
3357,6/11/2011
3357,6/12/2011
3357,6/13/2011
3357,6/18/2011
3357,6/19/2011
3357,6/25/2011
3357,6/26/2011
3359,6/5/2011
3359,6/11/2011
3359,6/12/2011
3359,6/13/2011
3359,6/19/2011
3359,6/26/2011
3360,6/4/2011
3360,6/5/2011
3360,6/11/2011
3360,6/12/2011
3360,6/13/2011
3360,6/18/2011
3360,6/19/2011
3360,6/25/2011
3360,6/26/2011
3364,6/5/2011
3364,6/12/2011
3364,6/13/2011
3364,6/19/2011
3364,6/26/2011
3367,6/4/2011
3367,6/5/2011
3367,6/11/2011
3367,6/12/2011
3367,6/18/2011
3367,6/19/2011
3367,6/25/2011
3367,6/26/2011
3370,6/4/2011
3370,6/5/2011
3370,6/11/2011
3370,6/12/2011
3370,6/13/2011
3370,6/18/2011
3370,6/19/2011
3370,6/25/2011
3370,6/26/2011
3371,6/4/2011
3371,6/5/2011
3371,6/11/2011
3371,6/12/2011
3371,6/13/2011
3371,6/18/2011
3371,6/19/2011
3371,6/25/2011
3371,6/26/2011
3373,6/4/2011
3373,6/5/2011
3373,6/11/2011
3373,6/12/2011
3373,6/13/2011
3373,6/18/2011
3373,6/19/2011
3373,6/25/2011
3373,6/26/2011
3375,6/4/2011
3375,6/5/2011
3375,6/11/2011
3375,6/12/2011
3375,6/13/2011
3375,6/18/2011
3375,6/19/2011
3375,6/25/2011
3375,6/26/2011
3378,6/4/2011
3378,6/5/2011
3378,6/11/2011
3378,6/12/2011
3378,6/13/2011
3378,6/18/2011
3378,6/19/2011
3378,6/25/2011
3378,6/26/2011
3379,6/5/2011
3379,6/12/2011
3379,6/13/2011
3379,6/19/2011
3379,6/26/2011
3380,6/4/2011
3380,6/5/2011
3380,6/11/2011
3380,6/12/2011
3380,6/13/2011
3380,6/18/2011
3380,6/19/2011
3380,6/25/2011
3380,6/26/2011
3381,6/4/2011
3381,6/5/2011
3381,6/11/2011
3381,6/12/2011
3381,6/13/2011
3381,6/18/2011
3381,6/19/2011
3381,6/25/2011
3381,6/26/2011
3383,6/4/2011
3383,6/5/2011
3383,6/11/2011
3383,6/12/2011
3383,6/13/2011
3383,6/18/2011
3383,6/19/2011
3383,6/25/2011
3383,6/26/2011
3384,6/4/2011
3384,6/5/2011
3384,6/11/2011
3384,6/12/2011
3384,6/13/2011
3384,6/18/2011
3384,6/19/2011
3384,6/25/2011
3384,6/26/2011
3386,6/4/2011
3386,6/5/2011
3386,6/11/2011
3386,6/12/2011
3386,6/13/2011
3386,6/18/2011
3386,6/19/2011
3386,6/25/2011
3386,6/26/2011
3390,6/4/2011
3390,6/5/2011
3390,6/11/2011
3390,6/12/2011
3390,6/13/2011
3390,6/18/2011
3390,6/19/2011
3390,6/25/2011
3390,6/26/2011
3393,6/4/2011
3393,6/5/2011
3393,6/11/2011
3393,6/12/2011
3393,6/13/2011
3393,6/18/2011
3393,6/19/2011
3393,6/25/2011
3393,6/26/2011
3395,6/4/2011
3395,6/5/2011
3395,6/11/2011
3395,6/12/2011
3395,6/13/2011
3395,6/18/2011
3395,6/19/2011
3395,6/25/2011
3395,6/26/2011
3396,6/4/2011
3396,6/5/2011
3396,6/11/2011
3396,6/12/2011
3396,6/13/2011
3396,6/18/2011
3396,6/19/2011
3396,6/25/2011
3396,6/26/2011
3397,6/4/2011
3397,6/5/2011
3397,6/11/2011
3397,6/12/2011
3397,6/13/2011
3397,6/18/2011
3397,6/19/2011
3397,6/25/2011
3397,6/26/2011
3398,6/4/2011
3398,6/5/2011
3398,6/11/2011
3398,6/12/2011
3398,6/13/2011
3398,6/18/2011
3398,6/19/2011
3398,6/25/2011
3398,6/26/2011
3399,6/4/2011
3399,6/5/2011
3399,6/11/2011
3399,6/12/2011
3399,6/13/2011
3399,6/18/2011
3399,6/19/2011
3399,6/25/2011
3399,6/26/2011
3401,6/4/2011
3401,6/5/2011
3401,6/11/2011
3401,6/12/2011
3401,6/13/2011
3401,6/18/2011
3401,6/19/2011
3401,6/25/2011
3401,6/26/2011
3402,6/4/2011
3402,6/5/2011
3402,6/11/2011
3402,6/12/2011
3402,6/13/2011
3402,6/18/2011
3402,6/19/2011
3402,6/25/2011
3402,6/26/2011
3403,6/4/2011
3403,6/5/2011
3403,6/11/2011
3403,6/12/2011
3403,6/13/2011
3403,6/18/2011
3403,6/19/2011
3403,6/25/2011
3403,6/26/2011
3408,6/4/2011
3408,6/5/2011
3408,6/11/2011
3408,6/12/2011
3408,6/13/2011
3408,6/18/2011
3408,6/19/2011
3408,6/25/2011
3408,6/26/2011
3411,6/4/2011
3411,6/5/2011
3411,6/11/2011
3411,6/12/2011
3411,6/13/2011
3411,6/18/2011
3411,6/19/2011
3411,6/25/2011
3411,6/26/2011
3413,6/5/2011
3413,6/12/2011
3413,6/13/2011
3413,6/19/2011
3413,6/26/2011
3415,6/4/2011
3415,6/5/2011
3415,6/11/2011
3415,6/12/2011
3415,6/13/2011
3415,6/18/2011
3415,6/19/2011
3415,6/25/2011
3415,6/26/2011
3416,6/4/2011
3416,6/5/2011
3416,6/11/2011
3416,6/12/2011
3416,6/13/2011
3416,6/18/2011
3416,6/19/2011
3416,6/25/2011
3416,6/26/2011
3417,6/4/2011
3417,6/5/2011
3417,6/11/2011
3417,6/12/2011
3417,6/13/2011
3417,6/18/2011
3417,6/19/2011
3417,6/25/2011
3417,6/26/2011
3418,6/4/2011
3418,6/5/2011
3418,6/11/2011
3418,6/12/2011
3418,6/13/2011
3418,6/18/2011
3418,6/19/2011
3418,6/25/2011
3418,6/26/2011
3419,6/4/2011
3419,6/5/2011
3419,6/11/2011
3419,6/12/2011
3419,6/13/2011
3419,6/18/2011
3419,6/19/2011
3419,6/25/2011
3419,6/26/2011
3420,6/4/2011
3420,6/5/2011
3420,6/11/2011
3420,6/12/2011
3420,6/13/2011
3420,6/18/2011
3420,6/19/2011
3420,6/25/2011
3420,6/26/2011
3421,6/5/2011
3421,6/12/2011
3421,6/13/2011
3421,6/19/2011
3421,6/26/2011
3427,6/4/2011
3427,6/5/2011
3427,6/11/2011
3427,6/12/2011
3427,6/13/2011
3427,6/18/2011
3427,6/19/2011
3427,6/25/2011
3427,6/26/2011
3430,6/4/2011
3430,6/5/2011
3430,6/11/2011
3430,6/12/2011
3430,6/13/2011
3430,6/18/2011
3430,6/19/2011
3430,6/25/2011
3430,6/26/2011
3433,6/4/2011
3433,6/5/2011
3433,6/11/2011
3433,6/12/2011
3433,6/13/2011
3433,6/18/2011
3433,6/19/2011
3433,6/25/2011
3433,6/26/2011
3434,6/4/2011
3434,6/5/2011
3434,6/11/2011
3434,6/12/2011
3434,6/13/2011
3434,6/18/2011
3434,6/19/2011
3434,6/25/2011
3434,6/26/2011
3435,6/5/2011
3435,6/12/2011
3435,6/13/2011
3435,6/19/2011
3435,6/26/2011
3436,6/4/2011
3436,6/5/2011
3436,6/11/2011
3436,6/12/2011
3436,6/13/2011
3436,6/18/2011
3436,6/19/2011
3436,6/25/2011
3436,6/26/2011
3437,6/4/2011
3437,6/5/2011
3437,6/11/2011
3437,6/12/2011
3437,6/13/2011
3437,6/18/2011
3437,6/19/2011
3437,6/25/2011
3437,6/26/2011
3439,6/4/2011
3439,6/5/2011
3439,6/11/2011
3439,6/12/2011
3439,6/18/2011
3439,6/19/2011
3439,6/25/2011
3439,6/26/2011
3440,6/4/2011
3440,6/5/2011
3440,6/11/2011
3440,6/12/2011
3440,6/13/2011
3440,6/18/2011
3440,6/19/2011
3440,6/25/2011
3440,6/26/2011
3441,6/4/2011
3441,6/5/2011
3441,6/11/2011
3441,6/12/2011
3441,6/13/2011
3441,6/18/2011
3441,6/19/2011
3441,6/25/2011
3441,6/26/2011
3443,6/4/2011
3443,6/5/2011
3443,6/11/2011
3443,6/12/2011
3443,6/13/2011
3443,6/18/2011
3443,6/19/2011
3443,6/25/2011
3443,6/26/2011
3446,6/4/2011
3446,6/5/2011
3446,6/11/2011
3446,6/12/2011
3446,6/13/2011
3446,6/18/2011
3446,6/19/2011
3446,6/25/2011
3446,6/26/2011
3447,6/4/2011
3447,6/5/2011
3447,6/11/2011
3447,6/12/2011
3447,6/13/2011
3447,6/18/2011
3447,6/19/2011
3447,6/25/2011
3447,6/26/2011
3449,6/4/2011
3449,6/5/2011
3449,6/11/2011
3449,6/12/2011
3449,6/13/2011
3449,6/18/2011
3449,6/19/2011
3449,6/25/2011
3449,6/26/2011
3450,6/4/2011
3450,6/5/2011
3450,6/11/2011
3450,6/12/2011
3450,6/13/2011
3450,6/18/2011
3450,6/19/2011
3450,6/25/2011
3450,6/26/2011
3451,6/4/2011
3451,6/5/2011
3451,6/11/2011
3451,6/12/2011
3451,6/13/2011
3451,6/18/2011
3451,6/19/2011
3451,6/25/2011
3451,6/26/2011
3452,6/4/2011
3452,6/5/2011
3452,6/11/2011
3452,6/12/2011
3452,6/13/2011
3452,6/18/2011
3452,6/19/2011
3452,6/25/2011
3452,6/26/2011
3454,6/4/2011
3454,6/5/2011
3454,6/11/2011
3454,6/12/2011
3454,6/13/2011
3454,6/18/2011
3454,6/19/2011
3454,6/25/2011
3454,6/26/2011
3455,6/4/2011
3455,6/5/2011
3455,6/11/2011
3455,6/12/2011
3455,6/13/2011
3455,6/18/2011
3455,6/19/2011
3455,6/25/2011
3455,6/26/2011
3457,6/5/2011
3457,6/12/2011
3457,6/13/2011
3457,6/19/2011
3457,6/26/2011
3458,6/4/2011
3458,6/5/2011
3458,6/11/2011
3458,6/12/2011
3458,6/13/2011
3458,6/18/2011
3458,6/19/2011
3458,6/25/2011
3458,6/26/2011
3460,6/4/2011
3460,6/5/2011
3460,6/11/2011
3460,6/12/2011
3460,6/13/2011
3460,6/18/2011
3460,6/19/2011
3460,6/25/2011
3460,6/26/2011
3461,6/4/2011
3461,6/5/2011
3461,6/11/2011
3461,6/12/2011
3461,6/13/2011
3461,6/18/2011
3461,6/19/2011
3461,6/25/2011
3461,6/26/2011
3463,6/4/2011
3463,6/5/2011
3463,6/11/2011
3463,6/12/2011
3463,6/13/2011
3463,6/18/2011
3463,6/19/2011
3463,6/25/2011
3463,6/26/2011
3466,6/4/2011
3466,6/5/2011
3466,6/11/2011
3466,6/12/2011
3466,6/13/2011
3466,6/18/2011
3466,6/19/2011
3466,6/25/2011
3466,6/26/2011
3468,6/4/2011
3468,6/5/2011
3468,6/11/2011
3468,6/12/2011
3468,6/13/2011
3468,6/18/2011
3468,6/19/2011
3468,6/25/2011
3468,6/26/2011
3470,6/4/2011
3470,6/5/2011
3470,6/11/2011
3470,6/12/2011
3470,6/13/2011
3470,6/18/2011
3470,6/19/2011
3470,6/25/2011
3470,6/26/2011
3472,6/4/2011
3472,6/5/2011
3472,6/11/2011
3472,6/12/2011
3472,6/13/2011
3472,6/18/2011
3472,6/19/2011
3472,6/25/2011
3472,6/26/2011
3473,6/4/2011
3473,6/5/2011
3473,6/11/2011
3473,6/12/2011
3473,6/13/2011
3473,6/18/2011
3473,6/19/2011
3473,6/25/2011
3473,6/26/2011
3474,6/4/2011
3474,6/5/2011
3474,6/11/2011
3474,6/12/2011
3474,6/18/2011
3474,6/19/2011
3474,6/25/2011
3474,6/26/2011
3475,6/4/2011
3475,6/5/2011
3475,6/11/2011
3475,6/12/2011
3475,6/13/2011
3475,6/18/2011
3475,6/19/2011
3475,6/25/2011
3475,6/26/2011
3476,6/4/2011
3476,6/5/2011
3476,6/11/2011
3476,6/12/2011
3476,6/13/2011
3476,6/18/2011
3476,6/19/2011
3476,6/25/2011
3476,6/26/2011
3477,6/4/2011
3477,6/5/2011
3477,6/11/2011
3477,6/12/2011
3477,6/13/2011
3477,6/18/2011
3477,6/19/2011
3477,6/25/2011
3477,6/26/2011
3479,6/4/2011
3479,6/5/2011
3479,6/11/2011
3479,6/12/2011
3479,6/13/2011
3479,6/18/2011
3479,6/19/2011
3479,6/25/2011
3479,6/26/2011
3480,6/4/2011
3480,6/5/2011
3480,6/11/2011
3480,6/12/2011
3480,6/13/2011
3480,6/18/2011
3480,6/19/2011
3480,6/25/2011
3480,6/26/2011
3481,6/4/2011
3481,6/5/2011
3481,6/11/2011
3481,6/12/2011
3481,6/13/2011
3481,6/18/2011
3481,6/19/2011
3481,6/25/2011
3481,6/26/2011
3482,6/4/2011
3482,6/5/2011
3482,6/11/2011
3482,6/12/2011
3482,6/13/2011
3482,6/18/2011
3482,6/19/2011
3482,6/25/2011
3482,6/26/2011
3484,6/4/2011
3484,6/5/2011
3484,6/11/2011
3484,6/12/2011
3484,6/13/2011
3484,6/18/2011
3484,6/19/2011
3484,6/25/2011
3484,6/26/2011
3486,6/4/2011
3486,6/5/2011
3486,6/11/2011
3486,6/12/2011
3486,6/13/2011
3486,6/18/2011
3486,6/19/2011
3486,6/25/2011
3486,6/26/2011
3487,6/4/2011
3487,6/5/2011
3487,6/11/2011
3487,6/12/2011
3487,6/13/2011
3487,6/18/2011
3487,6/19/2011
3487,6/25/2011
3487,6/26/2011
3489,6/4/2011
3489,6/5/2011
3489,6/11/2011
3489,6/12/2011
3489,6/13/2011
3489,6/18/2011
3489,6/19/2011
3489,6/25/2011
3489,6/26/2011
3491,6/4/2011
3491,6/5/2011
3491,6/11/2011
3491,6/12/2011
3491,6/13/2011
3491,6/18/2011
3491,6/19/2011
3491,6/25/2011
3491,6/26/2011
3492,6/4/2011
3492,6/5/2011
3492,6/11/2011
3492,6/12/2011
3492,6/13/2011
3492,6/18/2011
3492,6/19/2011
3492,6/25/2011
3492,6/26/2011
3494,6/4/2011
3494,6/5/2011
3494,6/11/2011
3494,6/12/2011
3494,6/13/2011
3494,6/18/2011
3494,6/19/2011
3494,6/25/2011
3494,6/26/2011
3495,6/4/2011
3495,6/5/2011
3495,6/11/2011
3495,6/12/2011
3495,6/13/2011
3495,6/18/2011
3495,6/19/2011
3495,6/25/2011
3495,6/26/2011
3496,6/4/2011
3496,6/5/2011
3496,6/11/2011
3496,6/12/2011
3496,6/13/2011
3496,6/18/2011
3496,6/19/2011
3496,6/25/2011
3496,6/26/2011
3497,6/4/2011
3497,6/5/2011
3497,6/11/2011
3497,6/12/2011
3497,6/13/2011
3497,6/18/2011
3497,6/19/2011
3497,6/25/2011
3497,6/26/2011
3498,6/4/2011
3498,6/5/2011
3498,6/11/2011
3498,6/12/2011
3498,6/13/2011
3498,6/18/2011
3498,6/19/2011
3498,6/25/2011
3498,6/26/2011
3499,6/4/2011
3499,6/5/2011
3499,6/11/2011
3499,6/12/2011
3499,6/13/2011
3499,6/18/2011
3499,6/19/2011
3499,6/25/2011
3499,6/26/2011
3500,6/4/2011
3500,6/5/2011
3500,6/11/2011
3500,6/12/2011
3500,6/13/2011
3500,6/18/2011
3500,6/19/2011
3500,6/25/2011
3500,6/26/2011
3502,6/4/2011
3502,6/5/2011
3502,6/11/2011
3502,6/12/2011
3502,6/13/2011
3502,6/18/2011
3502,6/19/2011
3502,6/25/2011
3502,6/26/2011
